Year,Country   ,Region,Song language,Artist   ,Song   ,English translation ,Artist gender,Group/Solo,Place,Points,Host Country,Host region,Home/Away Country,Home/Away Region,Approximate Betting Prices,Albania ,Andorra ,Armenia ,Austria,Azerbaijan ,Belarus ,Belgium ,Bosnia and Herzegovina ,Bulgaria ,Croatia ,Cyprus ,Czech Republic ,Denmark ,Estonia ,Finland ,France ,Georgia,Germany ,Greece ,Hungary ,Iceland ,Ireland ,Israel ,Latvia ,Lithuania ,Macedonia ,Malta ,Moldova ,Monaco,Montenegro ,Netherlands ,Norway ,Poland ,Portugal ,Romania ,Russia ,San Marino,Serbia ,Serbia & Montenegro,Slovakia ,Slovenia ,Spain ,Sweden ,Switzerland ,Turkey ,Ukraine ,United Kingdom ,,,,,,,,,,,,
2009,Lithuania,Former Socialist Bloc,"English, Russian ",Sasha Son ,"""Love"" ",? ,Male,Solo,23,23,Russia,Former Socialist Bloc,Away,Home,270,0,0,0,,1,0,0,0,1,0,0,0,1,2,0,0,,0,0,0,0,7,0,7,,0,0,0,,0,0,0,0,0,0,0,,0,,0,0,0,0,0,0,0,4,,,,,,,,,,,,
2009,Israel,Independent,"English, Hebrew, Arabic ",Noa and Mira Awad ,"""There Must Be Another Way"" ",? ,Female,Group,16,53,Russia,Former Socialist Bloc,Away,Away,236,0,7,0,,0,0,8,8,0,0,0,4,0,5,0,10,,0,0,0,0,0,,0,0,0,0,0,,4,0,0,0,0,0,0,,0,,5,0,0,0,1,0,1,0,,,,,,,,,,,,
2009,France,Western Europe,French ,Patricia Kaas ,"""Et s'il fallait le faire"" ",And if it had to be done ,Female,Solo,8,107,Russia,Former Socialist Bloc,Away,Away,36,2,3,6,,0,7,1,6,0,0,0,0,2,0,4,,,3,6,0,6,3,5,5,6,0,0,0,,1,6,1,0,0,0,10,,3,,0,7,3,0,7,0,3,1,,,,,,,,,,,,
2009,Sweden,Scandinavia,"English, French ",Malena Ernman ,"""La voix"" ",The voice ,Female,Solo,21,33,Russia,Former Socialist Bloc,Away,Away,63,1,2,0,,0,0,0,0,0,0,0,0,4,6,7,2,,0,0,0,3,0,0,0,0,0,4,0,,0,0,4,0,0,0,0,,0,,0,0,0,,0,0,0,0,,,,,,,,,,,,
2009,Croatia,Former Yugoslavia,Croatian ,Igor Cukrov feat. Andrea ,"""Lijepa Tena"" ",Beautiful Tena ,Both,Group,18,45,Russia,Former Socialist Bloc,Away,Away,607,0,0,0,,5,0,0,12,0,,0,0,0,0,0,0,,0,2,0,1,0,0,0,0,4,0,2,,8,0,0,0,0,0,0,,5,,0,6,0,0,0,0,0,0,,,,,,,,,,,,
2009,Portugal,Western Europe,Portuguese ,Flor-de-Lis ,"""Todas as ruas do amor"" ",All the streets of love ,Both,Group,15,57,Russia,Former Socialist Bloc,Away,Away,197,0,6,0,,0,0,6,1,0,0,0,7,0,3,0,7,,0,0,0,7,0,0,0,0,0,0,0,,0,0,0,0,,0,0,,0,,2,0,8,0,10,0,0,0,,,,,,,,,,,,
2009,Iceland,Scandinavia,English ,Yohanna,"""Is It True?"" ",? ,Female,Solo,2,218,Russia,Former Socialist Bloc,Away,Away,33,6,8,5,,0,2,0,0,5,2,5,2,10,8,10,0,,7,4,7,,12,10,8,8,2,12,3,,5,7,12,1,8,10,3,,0,,6,5,0,10,5,2,0,8,,,,,,,,,,,,
2009,Greece,Western Europe,English ,Sakis Rouvas ,"""This Is Our Night"" ",? ,Male,Solo,7,120,Russia,Former Socialist Bloc,Away,Away,9,12,0,10,,0,5,5,5,12,7,12,0,0,0,0,0,,6,,4,0,0,0,0,0,0,7,0,,2,1,0,0,0,8,4,,6,,0,4,1,2,2,0,0,5,,,,,,,,,,,,
2009,Armenia,Former Socialist Bloc,"English, Armenian ",Inga and Anush ,"""Jan Jan""",My dear ,Female,Group,10,92,Russia,Former Socialist Bloc,Away,Home,129,0,0,,,0,1,7,0,6,0,4,12,0,0,1,6,,0,0,0,5,0,8,0,0,1,0,0,,0,5,0,2,4,7,5,,0,,3,0,4,3,0,6,2,0,,,,,,,,,,,,
2009,Russia,Former Socialist Bloc,"Russian, Ukrainian ",Anastasiya Prikhodko ,"""Mamo""",Mother ,Female,Solo,11,91,Russia,Former Socialist Bloc,Home,Home,125,0,0,12,,6,8,0,0,0,0,1,8,0,10,0,0,,5,0,0,0,0,7,6,7,0,0,6,,0,0,0,3,0,0,,,0,,0,0,0,0,0,4,8,0,,,,,,,,,,,,
2009,Azerbaijan,Former Socialist Bloc,English ,AySel and Arash ,"""Always"" ",? ,Both,Group,?3,207,Russia,Former Socialist Bloc,Away,Home,12,4,0,1,,,10,3,3,8,10,8,10,8,7,2,1,,0,8,10,0,0,6,4,5,3,1,10,,6,10,10,6,0,4,7,,4,,4,1,0,8,0,12,10,3,,,,,,,,,,,,
2009,Bosnia and Herzegovina,Former Yugoslavia,Bosnian,Regina ,"""Bistra voda"" ",Clear water ,Male,Group,?9,106,Russia,Former Socialist Bloc,Away,Away,25,5,0,0,,2,0,0,,4,12,0,0,0,0,6,0,,2,0,0,2,0,0,0,0,10,0,0,,12,4,0,0,0,0,0,,12,,8,10,0,5,4,8,0,0,,,,,,,,,,,,
2009,Moldova,Former Socialist Bloc,"Romanian, English ",Nelly Ciobanu ,"""Hora din Moldova"" ",Dance from Moldova ,Female,Solo,14,69,Russia,Former Socialist Bloc,Away,Home,261,0,0,2,,7,0,4,0,0,3,0,0,0,0,0,0,,0,0,0,0,0,1,0,0,0,0,,,0,0,3,5,12,12,1,,0,,0,0,5,0,0,7,7,0,,,,,,,,,,,,
2009,Malta,Western Europe,English ,Chiara ,"""What If We"" ",? ,Female,Solo,22,31,Russia,Former Socialist Bloc,Away,Away,57,0,1,0,,0,0,0,0,0,0,0,0,0,0,3,0,,4,0,0,0,5,0,1,1,0,,0,,0,0,0,0,0,3,0,,7,,0,0,0,0,0,0,0,6,,,,,,,,,,,,
2009,Estonia,Former Socialist Bloc,Estonian ,Urban Symphony ,"""RÑndajad"" ",Nomads ,Female,Solo,?6,129,Russia,Former Socialist Bloc,Away,Home,62,0,0,0,,4,4,0,0,0,6,3,0,5,,12,0,,1,5,6,10,6,0,10,10,0,0,7,,0,0,0,8,0,1,8,,0,,12,0,0,7,0,0,4,0,,,,,,,,,,,,
2009,Denmark,Scandinavia,English ,Niels Brinck ,"""Believe Again"" ",? ,Male,Solo,13,74,Russia,Former Socialist Bloc,Away,Away,89,0,5,0,,0,0,0,0,0,0,6,0,,0,0,5,,0,0,3,4,4,0,3,2,0,6,5,,0,0,8,7,0,2,0,,1,,0,8,0,0,0,0,5,0,,,,,,,,,,,,
2009,Germany,Western Europe,English ,Alex Swings Oscar Sings! ,"""Miss Kiss Kiss Bang"" ",? ,Male,Solo,20,35,Russia,Former Socialist Bloc,Away,Away,125,3,0,0,,0,0,2,2,0,0,0,0,7,0,0,3,,,0,0,0,1,0,0,0,0,0,0,,0,2,6,0,1,0,0,,0,,0,0,0,0,0,1,0,7,,,,,,,,,,,,
2009,Turkey,Independent,English ,Hadise ,"""DÅm Tek Tek"" ",? ,Female,Solo,4,177,Russia,Former Socialist Bloc,Away,Away,16,10,0,4,,12,0,12,7,10,1,0,1,6,0,5,12,,10,3,5,0,0,3,0,0,12,5,0,,3,8,7,0,3,6,0,,0,,0,0,2,6,12,,0,12,,,,,,,,,,,,
2009,Albania,Former Socialist Bloc,English ,Kejsi Tola ,"""Carry Me in Your Dreams"" ",? ,Female,Solo,17,48,Russia,Former Socialist Bloc,Away,Home,147,,0,0,,0,0,0,0,0,5,0,0,0,1,0,0,,0,7,2,0,0,0,0,0,7,0,0,,7,0,0,0,0,0,0,,0,,0,2,0,1,6,10,0,0,,,,,,,,,,,,
2009,Norway,Scandinavia,English ,Alexander Rybak ,"""Fairytale"" ",? ,Male,Solo,?1,387,Russia,Former Socialist Bloc,Away,Away,2,7,10,8,,8,12,10,10,2,8,10,3,12,12,8,8,,12,10,12,12,8,12,12,12,8,8,8,,10,12,,12,5,5,12,,10,,10,12,12,12,8,3,12,10,,,,,,,,,,,,
2009,Ukraine,Former Socialist Bloc,English ,Svetlana Loboda ,"""Be My Valentine"" ",? ,Female,Solo,12,76,Russia,Former Socialist Bloc,Away,Home,28,0,0,3,,10,6,0,0,0,0,0,5,0,0,0,0,,0,0,8,0,0,2,0,4,0,2,4,,0,0,5,10,6,0,2,,0,,1,0,6,0,0,0,,2,,,,,,,,,,,,
2009,Romania,Former Socialist Bloc,English ,Elena ,"""The Balkan Girls"" ",? ,Female,Solo,19,40,Russia,Former Socialist Bloc,Away,Home,210,0,0,0,,3,0,0,0,0,0,2,0,0,0,0,0,,0,0,0,0,2,0,0,0,5,0,12,,0,0,0,0,2,,0,,2,,0,0,7,0,0,5,0,0,,,,,,,,,,,,
2009,United Kingdom,Independent,English ,Jade Ewen ,"""It's My Time"" ",? ,Female,Solo,?5 ,173,Russia,Former Socialist Bloc,Away,Away,16,8,4,7,,0,3,0,4,7,4,7,6,3,0,0,4,,8,12,1,0,10,4,2,3,6,10,1,,0,3,2,4,10,0,6,,8,,7,3,10,0,0,0,6,,,,,,,,,,,,,
2009,Finland ,Scandinavia,English ,Waldo's People ,"""Lose Control"" ",? ,Both,Group,25,22,Russia,Former Socialist Bloc,Away,Away,89,0,0,0,,0,0,0,0,3,0,0,0,0,4,,0,,0,0,0,8,0,0,0,0,0,3,0,,0,0,0,0,0,0,0,,0,,0,0,0,4,0,0,0,0,,,,,,,,,,,,
2009,Spain,Western Europe,"Spanish, English ",Soraya Arnelas ,"""La noche es para m°"" ",The night is for me ,Female,Solo,23,23,Russia,Former Socialist Bloc,Away,Away,108,0,12,0,,0,0,0,0,0,0,0,0,0,0,0,0,,0,1,0,0,0,0,0,0,0,0,0,,0,0,0,0,7,0,0,,0,,0,0,,0,3,0,0,0,,,,,,,,,,,,
2008,Romania,Former Socialist Bloc,"Romanian, Italian",Nico and Vlad,"""Pe-o margine de lume""",On an edge of the world,Both,Group,20,45,Serbia,Former Yugoslavia,Away,Away,95,0,0,0,,0,0,0,0,0,0,3,0,0,0,0,4,0,0,0,0,0,3,6,0,0,0,0,12,,0,0,0,0,4,,0,1,0,,,0,12,0,0,0,0,0,,,,,,,,,,,,
2008,United Kingdom,Independent,English,Andy Abraham,"""Even If""",?,Male,Solo,25,14,Serbia,Former Yugoslavia,Away,Away,265,0,0,0,,0,0,0,0,0,0,0,0,0,0,0,0,0,0,0,0,0,8,0,0,0,0,0,0,,0,0,0,0,0,0,0,6,0,,,0,0,0,0,0,0,,,,,,,,,,,,,
2008,Albania,Former Socialist Bloc,Albanian,Olta Boka,"""Zemrân e lamâ peng""",Hearts trapped in time,Female,Solo,17,43,Serbia,Former Yugoslavia,Away,Away,270,,0,0,,1,0,0,1,0,8,0,0,0,0,0,0,0,0,10,0,0,0,0,0,0,12,0,0,,7,0,0,0,0,0,0,3,0,,,4,0,0,8,1,0,0,,,,,,,,,,,,
2008,Germany,Western Europe,English,No Angels,"""Disappear""",?,Female,Group,23,14,Serbia,Former Yugoslavia,Away,Away,348,0,0,0,,0,0,0,0,12,0,0,0,0,0,0,0,0,,0,0,0,0,0,0,0,0,0,0,,0,0,0,0,0,0,0,0,0,,,0,0,0,2,0,0,0,,,,,,,,,,,,
2008,Armenia,Former Socialist Bloc,"English, Armenian",Sirusho,"""QÇlÇ, QÇlÇ""","Come on, come on",Female,Solo,4,198,Serbia,Former Yugoslavia,Away,Away,14,2,0,,,0,7,12,6,8,0,10,12,0,0,0,12,12,6,12,0,1,0,8,0,0,1,0,2,,1,12,0,12,0,4,12,8,5,,,5,10,2,0,10,7,0,,,,,,,,,,,,
2008,Bosnia and Herzegovina,Former Yugoslavia,Bosnian,Laka,"""Poku?aj""",Try,Male,Solo,10,105,Serbia,Former Yugoslavia,Away,Home,29,0,0,0,,3,0,0,,0,12,0,1,2,0,6,2,0,5,0,0,0,2,0,0,0,5,0,0,,10,7,10,0,0,0,0,0,12,,,10,0,10,7,6,0,0,,,,,,,,,,,,
2008,Israel,Independent,"Hebrew, English",Boaz Ma'uda,"""The Fire in Your Eyes""",?,Male,Solo,9,124,Serbia,Former Yugoslavia,Away,Away,120,4,0,6,,7,4,5,5,2,2,2,0,0,0,8,6,3,3,1,3,0,0,,0,3,0,0,6,,5,3,3,5,0,6,6,10,7,,,3,0,0,1,0,5,0,,,,,,,,,,,,
2008,Finland ,Scandinavia,Finnish,TerÑsbetoni,"""MissÑ miehet ratsastaa""",Where men ride,Male,Group,22,35,Serbia,Former Yugoslavia,Away,Away,31,0,4,0,,0,0,0,0,0,0,0,0,0,10,,0,0,0,0,0,7,0,0,1,0,0,0,0,,0,0,4,2,0,0,0,0,0,,,0,0,7,0,0,0,0,,,,,,,,,,,,
2008,Croatia,Former Yugoslavia,Croatian,Kraljevi Ulice and 75 cents,"""Romanca""",Romance,Both,Group,21,42,Serbia,Former Yugoslavia,Away,Home,248,0,0,2,,0,0,0,10,0,,0,0,0,0,0,0,1,2,0,0,0,0,0,5,0,2,0,0,,2,0,0,0,3,1,1,0,3,,,8,0,0,3,0,1,0,,,,,,,,,,,,
2008,Poland,Former Socialist Bloc,English,Isis Gee,"""For Life""",?,Female,Solo,24,14,Serbia,Former Yugoslavia,Away,Away,208,0,0,0,,0,0,0,0,0,0,0,0,0,0,0,0,0,0,0,0,0,10,0,0,0,0,0,0,,0,0,0,,0,0,0,0,0,,,0,0,0,0,0,0,4,,,,,,,,,,,,
2008,Iceland,Scandinavia,English,Euroband,"""This is My Life""",?,Both,Group,14,64,Serbia,Former Yugoslavia,Away,Away,105,0,0,0,,0,0,0,0,0,0,0,0,12,0,7,0,0,0,0,0,,0,4,2,0,0,6,0,,0,0,8,0,7,0,0,0,0,,,0,4,8,0,0,0,6,,,,,,,,,,,,
2008,Turkey,Independent,Turkish,Mor ve ôtesi,"""Deli""",Crazy,Male,Group,7,131,Serbia,Former Yugoslavia,Away,Away,34,10,0,0,,12,3,10,8,5,0,0,0,4,0,4,10,6,10,0,5,0,0,0,0,0,7,0,0,,0,10,2,0,0,8,2,4,0,,,0,0,0,6,,4,8,,,,,,,,,,,,
2008,Portugal,Western Europe,Portuguese,VÉnia Fernandes,"""Senhora do mar (Negras †guas)""",Lady of the sea (Dark waters),Female,Solo,13,69,Serbia,Former Yugoslavia,Away,Away,59,0,10,0,,0,0,6,0,0,3,0,0,0,0,0,8,0,4,0,0,6,0,0,0,0,0,0,0,,0,5,0,0,,0,0,5,1,,,0,8,0,10,0,3,0,,,,,,,,,,,,
2008,Latvia,Former Socialist Bloc,English,Pirates of the Sea,"""Wolves of the Sea""",?,Both,Group,12,83,Serbia,Former Yugoslavia,Away,Away,62,0,2,0,,0,0,0,0,0,4,0,3,6,7,0,0,2,0,0,0,4,12,0,,10,0,7,0,,3,0,0,0,8,0,0,0,0,,,0,2,3,0,0,0,10,,,,,,,,,,,,
2008,Sweden,Scandinavia,English,Charlotte Perrelli,"""Hero""",?,Female,Solo,18,47,Serbia,Former Yugoslavia,Away,Away,16,3,0,0,,0,0,0,0,0,0,1,0,8,2,5,0,0,0,0,1,3,0,1,0,1,0,12,0,,0,0,7,0,0,0,0,0,2,,,0,1,,0,0,0,0,,,,,,,,,,,,
2008,Denmark,Scandinavia,English,Simon Mathew,"""All Night Long""",?,Male,Solo,15,60,Serbia,Former Yugoslavia,Away,Away,106,0,0,0,,0,0,0,0,0,0,0,2,,3,0,0,0,0,0,2,12,1,0,7,2,0,4,0,,0,0,12,0,5,0,0,2,0,,,0,0,5,0,0,0,3,,,,,,,,,,,,
2008,Georgia,Former Socialist Bloc,English,Diana Gurtskaya,"""Peace Will Come""",?,Female,Solo,11,83,Serbia,Former Yugoslavia,Away,Away,84,0,0,10,,4,6,0,0,0,0,7,4,0,5,0,0,,0,4,0,0,0,2,8,5,0,5,3,,0,0,0,0,1,0,7,0,0,,,0,0,0,0,4,8,0,,,,,,,,,,,,
2008,Ukraine,Former Socialist Bloc,English,Ani Lorak,"""Shady Lady""",?,Female,Solo,2,226,Serbia,Former Yugoslavia,Away,Away,5,8,6,5,,10,10,1,3,7,7,6,8,7,4,3,0,10,0,6,6,5,6,10,10,6,4,10,7,,4,0,0,10,12,3,8,0,6,,,2,7,0,0,8,,5,,,,,,,,,,,,
2008,France,Western Europe,"English, French",SÇbastien Tellier,"""Divine""",?,Male,Solo,19,47,Serbia,Former Yugoslavia,Away,Away,91,0,3,4,,0,0,0,0,0,0,0,0,5,6,2,,0,0,0,0,8,0,0,3,8,0,0,0,,0,0,1,1,0,0,0,0,0,,,0,0,4,0,0,0,2,,,,,,,,,,,,
2008,Azerbaijan,Former Socialist Bloc,English,Elnur and Samir,"""Day After Day""",?,Both,Group,8,124,Serbia,Former Yugoslavia,Away,Away,90,0,7,0,,,8,7,0,3,0,0,10,0,0,0,0,7,1,3,12,0,0,3,4,7,8,0,8,,0,2,0,7,0,2,10,0,0,,,1,0,0,0,12,10,0,,,,,,,,,,,,
2008,Greece,Western Europe,English,Kalomira,"""Secret Combination""",?,Female,Solo,3,215,Serbia,Former Yugoslavia,Away,Away,9,12,8,8,,6,2,8,7,10,5,12,5,3,1,0,3,4,12,,8,0,4,5,0,0,3,2,4,,6,6,0,3,0,12,3,12,8,,,6,3,1,5,7,2,12,,,,,,,,,,,,
2008,Spain,Western Europe,"Spanish, English",Rodolfo Chikilicuatre,"""Baila el Chiki-chiki""",Dance the Chiki-chiki,Male,Solo,16,55,Serbia,Former Yugoslavia,Away,Away,43,1,12,1,,0,0,4,0,0,0,4,0,1,0,1,5,0,0,8,0,0,0,0,0,0,0,0,0,,0,0,0,0,10,0,0,0,0,,,0,,0,4,3,0,1,,,,,,,,,,,,
2008,Serbia,Former Yugoslavia,Serbian,Jelena Toma?evi?,"""Oro""",Hora,Female,Solo,6,150,Serbia,Former Yugoslavia,Home,Home,11,5,0,3,,2,1,0,12,4,10,5,6,0,0,0,7,0,8,5,7,2,0,0,0,0,10,1,1,,12,8,6,4,0,7,4,0,,,,12,0,6,12,0,0,0,,,,,,,,,,,,
2008,Russia,Former Socialist Bloc,English,Dima Bilan,"""Believe""",?,Male,Solo,1,266,Serbia,Former Yugoslavia,Away,Away,3,6,5,12,,8,12,3,4,6,6,8,7,0,12,10,1,8,7,7,10,0,5,12,12,12,6,8,10,,8,1,5,6,6,10,,0,10,,,7,5,0,0,5,12,0,,,,,,,,,,,,
2008,Norway,Scandinavia,English,Maria Haukaas Storeng,"""Hold On Be Strong""",?,Female,Solo,5,182,Serbia,Former Yugoslavia,Away,Away,48,7,1,7,,5,5,2,2,1,1,0,0,10,8,12,0,5,0,2,4,10,7,7,6,4,0,3,5,,0,4,,8,2,5,5,7,4,,,0,6,12,0,2,6,7,,,,,,,,,,,,
2007,Bosnia and Herzegovina,Former Yugoslavia,Bosnian,Marija,"""Rijeka bez imena""",River without a name,Female,Solo,11,106,Finland,Scandinavia,Away,Away,188,8,0,1,8,,0,0,,0,10,0,4,7,0,0,1,0,3,0,0,0,0,0,0,0,4,0,0,,7,7,6,0,0,0,0,,8,,,8,0,6,8,10,0,0,,,,,,,,,,,,
2007,Spain,Western Europe,"Spanish, English",D'NASH,"""I Love You Mi Vida""",I love you my darling,Male,Group,20,43,Finland,Scandinavia,Away,Away,125,12,0,0,0,,0,3,0,0,0,0,0,0,0,0,6,0,0,1,0,0,0,2,0,0,0,2,0,,4,0,0,0,8,0,0,,0,,,0,,0,5,0,0,0,,,,,,,,,,,,
2007,Belarus,Former Socialist Bloc,English,Dmitry Koldun,"""Work Your Magic""",?,Male,Solo,6,145,Finland,Scandinavia,Away,Away,11,2,0,10,0,,,0,4,1,0,6,2,0,7,0,0,8,0,5,4,4,0,12,8,7,7,10,10,,3,0,0,7,1,1,12,,2,,,0,0,0,0,0,12,0,,,,,,,,,,,,
2007,Ireland,Independent,English,Dervish,"""They Can't Stop The Spring""",?,Both,Group,24,5,Finland,Scandinavia,Away,Away,100,5,0,0,0,,0,0,0,0,0,0,0,0,0,0,0,0,0,0,0,0,,0,0,0,0,0,0,,0,0,0,0,0,0,0,,0,,,0,0,0,0,0,0,0,,,,,,,,,,,,
2007,Finland ,Scandinavia,English,Hanna Pakarinen,"""Leave Me Alone""",?,Female,Solo,17,53,Finland,Scandinavia,Away,Home,68,0,7,0,0,,1,0,0,0,0,0,0,4,6,,0,0,1,0,0,12,0,0,0,5,0,0,0,,0,0,4,0,0,0,0,,0,,,0,0,12,1,0,0,0,,,,,,,,,,,,
2007,Macedonia,Former Yugoslavia,"Macedonian, English",Karolina,"""Mojot svet""",My world,Female,Solo,14,73,Finland,Scandinavia,Away,Away,95,3,0,0,1,,0,0,8,10,8,0,5,0,0,0,0,1,0,0,0,0,0,0,0,0,,0,0,,10,0,0,0,0,0,0,,10,,,10,0,0,6,1,0,0,,,,,,,,,,,,
2007,Slovenia,Former Yugoslavia,Slovene,Alenka Gotar,"""Cvet z juga""",Flower of the south,Female,Solo,15,66,Finland,Scandinavia,Away,Away,64,0,0,0,0,,4,2,7,0,7,0,0,0,0,0,0,0,0,0,0,0,0,0,4,1,6,5,0,,8,0,0,4,3,0,3,,5,,,,3,0,0,0,4,0,,,,,,,,,,,,
2007,Hungary,Former Socialist Bloc,English,Magdi R£zsa,"""Unsubstantial Blues""",?,Female,Solo,9,128,Finland,Scandinavia,Away,Away,55,0,6,0,2,,0,5,0,0,4,0,0,8,4,10,0,5,7,0,,8,5,0,5,4,0,1,0,,0,4,8,2,2,8,0,,12,,,5,0,8,3,0,0,2,,,,,,,,,,,,
2007,Lithuania,Former Socialist Bloc,English,4Fun,"""Love or Leave""",?,Both,Group,21,28,Finland,Scandinavia,Away,Away,274,0,1,0,0,,2,0,0,0,0,0,0,0,0,0,0,0,0,0,0,0,12,0,10,,0,0,0,,0,0,0,0,0,0,0,,0,,,0,0,0,0,0,0,3,,,,,,,,,,,,
2007,Greece,Western Europe,English,Sarbel,"""Yassou Maria""",Hello Maria,Male,Solo,7,139,Finland,Scandinavia,Away,Away,29,7,0,8,0,,3,8,3,12,0,12,3,1,0,0,3,4,10,,7,5,0,1,0,0,3,0,6,,0,5,0,0,0,10,0,,4,,,0,2,4,4,4,0,10,,,,,,,,,,,,
2007,Georgia,Former Socialist Bloc,English,Sopho,"""Visionary Dream""",?,Female,Solo,12,97,Finland,Scandinavia,Away,Away,51,0,0,5,0,,6,6,1,0,2,1,1,0,5,7,0,,0,3,2,0,1,6,6,12,0,0,4,,0,2,0,5,0,0,7,,0,,,2,0,0,0,5,8,0,,,,,,,,,,,,
2007,Sweden,Scandinavia,English,The Ark,"""The Worrying Kind""",?,Male,Group,18,51,Finland,Scandinavia,Away,Home,11,0,2,0,0,,0,0,0,0,0,0,0,12,0,8,0,0,0,0,0,10,0,0,0,0,0,0,0,,0,0,12,0,0,0,0,,0,,,0,0,,0,0,0,7,,,,,,,,,,,,
2007,France,Western Europe,"French, English (""Franglais"")",Les Fatals Picards,"""L'amour Ö la franáaise""",Love - the French way,Male,Group,22,19,Finland,Scandinavia,Away,Away,144,4,8,2,0,,0,0,0,0,0,0,0,0,2,0,,0,0,0,0,0,0,0,0,3,0,0,0,,0,0,0,0,0,0,0,,0,,,0,0,0,0,0,0,0,,,,,,,,,,,,
2007,Latvia,Former Socialist Bloc,Italian,Bonaparti.lv,"""Questa notte""",Tonight,Male,Group,16,54,Finland,Scandinavia,Away,Away,18,0,0,0,0,,0,0,0,0,1,0,0,0,10,0,0,0,0,0,0,0,10,0,,10,0,4,0,,0,3,3,1,0,2,0,,0,,,6,0,0,0,0,0,4,,,,,,,,,,,,
2007,Russia,Former Socialist Bloc,English,Serebro,"""Song #1""",?,Female,Group,3,207,Finland,Scandinavia,Away,Away,7,0,3,12,0,,12,0,2,5,3,7,6,2,12,3,2,7,6,8,6,1,6,8,7,6,5,6,8,,6,0,5,3,4,3,,,7,,,3,4,5,0,8,10,6,,,,,,,,,,,,
2007,Germany,Western Europe,"German, English",Roger Cicero,"""Frauen regier'n die Welt""",Women rule the world,Male,Solo,19,49,Finland,Scandinavia,Away,Away,84,6,5,0,7,,0,0,0,0,0,0,0,5,3,1,0,0,,0,0,2,0,0,0,0,0,0,0,,0,6,0,0,0,0,0,,0,,,0,5,1,7,0,0,1,,,,,,,,,,,,
2007,Serbia,Former Yugoslavia,Serbian,Marija ?erifovi?,"""Molitva""",Prayer,Female,Solo,1,268,Finland,Scandinavia,Away,Away,3,1,0,7,12,,7,7,12,6,12,3,8,6,0,12,8,6,8,4,12,7,4,3,3,0,12,8,5,,12,8,10,8,5,6,5,,,,,12,1,10,12,0,6,0,,,,,,,,,,,,
2007,Ukraine,Former Socialist Bloc,"Ukrainian, German, English",Verka Serduchka,"""Dancing Lasha Tumbai""",?,Male,Solo,2,235,Finland,Scandinavia,Away,Away,6,0,12,6,4,,10,1,5,3,5,4,12,3,8,6,4,10,5,7,3,6,8,10,12,8,2,3,7,,2,1,2,12,12,4,8,,3,,,4,7,3,2,3,,8,,,,,,,,,,,,
2007,United Kingdom,Independent,English,Scooch,"""Flying the Flag (for You)""",?,Both,Group,23,19,Finland,Scandinavia,Away,Away,66,0,0,0,0,,0,0,0,0,0,0,0,0,0,0,0,0,0,0,0,0,7,0,0,0,0,12,0,,0,0,0,0,0,0,0,,0,,,0,0,0,0,0,0,,,,,,,,,,,,,
2007,Romania,Former Socialist Bloc,"English, Italian, Spanish,",Todomondo,"""Liubi, Liubi, I Love You""","Love, Love, I Love You",Male,Group,13,84,Finland,Scandinavia,Away,Away,60,0,10,0,3,,0,0,0,2,0,5,0,0,0,0,7,0,0,2,8,0,3,7,1,0,0,0,12,,0,0,0,0,7,,1,,0,,,0,12,0,0,2,2,0,,,,,,,,,,,,
2007,Bulgaria,Former Socialist Bloc,"Russian, French, Romanian",Elitsa Todorova and Stoyan Yankoulov,"""Water""",?,Both,Group,5,157,Finland,Scandinavia,Away,Away,18,0,0,4,6,,0,4,6,,6,10,7,0,1,5,5,0,4,12,10,0,0,0,2,0,8,7,3,,5,0,0,0,6,5,4,,6,,,7,10,0,0,6,3,5,,,,,,,,,,,,
2007,Turkey,Independent,English,Kenan Do?ulu,"""Shake It Up ?ekerim""",Shake it up sweetheart,Male,Solo,4,163,Finland,Scandinavia,Away,Away,54,10,0,0,10,,0,12,10,7,0,0,0,10,0,4,12,2,12,0,1,3,0,0,0,0,10,0,1,,1,12,7,0,0,7,2,,0,,,0,0,7,10,,1,12,,,,,,,,,,,,
2007,Armenia,Former Socialist Bloc,"English, Armenian",Hayko,"""Anytime You Need""",?,Male,Solo,8,138,Finland,Scandinavia,Away,Away,132,0,0,,5,,5,10,0,8,0,8,10,0,0,0,10,12,2,6,0,0,0,5,0,0,0,0,2,,0,10,0,10,0,0,10,,0,,,0,8,0,0,12,5,0,,,,,,,,,,,,
2007,Moldova,Former Socialist Bloc,English,Natalia Barbu,"""Fight""",?,Female,Solo,10,107,Finland,Scandinavia,Away,Away,41,0,4,3,0,,6,0,0,4,0,2,0,0,0,2,0,3,0,10,5,0,2,4,0,2,1,0,,,0,0,1,6,10,12,6,,1,,,1,6,2,0,7,7,0,,,,,,,,,,,,
2006,Switzerland,Western Europe,English,six4one,"""If We All Give A Little""",?,Both,Group,16,30,Greece,Western Europe,Away,Home,130,0,0,0,,,0,0,4,0,0,0,,0,0,0,0,,0,0,,0,0,4,0,0,0,12,0,6,,3,0,0,1,0,0,,,0,,0,0,0,,0,0,0,,,,,,,,,,,,
2006,Moldova,Former Socialist Bloc,English,Arsenium feat. Natalia Gordienko & Connect-R,"""Loca""",Crazy,Both,Group,20,22,Greece,Western Europe,Away,Away,356,0,0,0,,,0,0,0,0,0,0,,0,0,0,0,,0,1,,0,0,0,0,0,0,0,,0,,0,0,0,3,12,3,,,0,,0,2,0,0,1,0,0,,,,,,,,,,,,
2006,Israel,Independent,"English, Hebrew",Eddie Butler,"""Together We Are One""",?,Male,Solo,23,4,Greece,Western Europe,Away,Away,494,0,0,0,,,0,0,0,0,0,0,,0,0,0,4,,0,0,,0,0,,0,0,0,0,0,0,,0,0,0,0,0,0,,,0,,0,0,0,0,0,0,0,,,,,,,,,,,,
2006,Latvia,Former Socialist Bloc,English,Vocal Group Cosmos,"""I Hear Your Heart""",?,Male,Group,16,30,Greece,Western Europe,Away,Away,164,0,0,0,,,0,0,0,0,0,0,,0,3,0,0,,0,0,,0,4,0,,8,0,0,0,8,,0,0,0,0,0,1,,,0,,0,0,0,0,0,4,2,,,,,,,,,,,,
2006,Norway,Scandinavia,Norwegian,Christine Guldbrandsen,"""Alvedansen""",The Elf Dance,Female,Solo,14,36,Greece,Western Europe,Away,Away,38,0,0,1,,,1,0,0,0,0,0,,1,0,5,0,,0,2,,4,0,0,6,0,0,0,3,1,,0,,0,0,0,7,,,0,,0,0,2,0,0,3,0,,,,,,,,,,,,
2006,Spain,Western Europe,Spanish,Las Ketchup,"""Un Blodymary""",A Bloody Mary,Female,Group,21,18,Greece,Western Europe,Away,Home,306,6,12,0,,,0,0,0,0,0,0,,0,0,0,0,,0,0,,0,0,0,0,0,0,0,0,0,,0,0,0,0,0,0,,,0,,0,,0,0,0,0,0,,,,,,,,,,,,
2006,Malta,Western Europe,English,Fabrizio Faniello,"""I Do""",?,Male,Solo,24,1,Greece,Western Europe,Away,Home,187,1,0,0,,,0,0,0,0,0,0,,0,0,0,0,,0,0,,0,0,0,0,0,0,,0,0,,0,0,0,0,0,0,,,0,,0,0,0,0,0,0,0,,,,,,,,,,,,
2006,Germany,Western Europe,English,Texas Lightning,"""No No Never""",?,Both,Group,14,36,Greece,Western Europe,Away,Home,24,5,0,0,,,0,1,0,0,0,3,,3,0,0,0,,,0,,0,3,0,3,0,0,0,0,0,,0,1,0,0,0,0,,,0,,0,5,0,7,0,0,5,,,,,,,,,,,,
2006,Denmark,Scandinavia,English,Sidsel Ben Semmane,"""Twist of Love""",?,Female,Solo,18,26,Greece,Western Europe,Away,Away,89,0,0,0,,,0,0,0,0,0,0,,,1,3,0,,0,0,,8,0,0,0,0,0,0,0,0,,0,6,0,0,0,0,,,0,,0,0,8,0,0,0,0,,,,,,,,,,,,
2006,Russia,Former Socialist Bloc,English,Dima Bilan,"""Never Let You Go""",?,Male,Solo,2,248,Greece,Western Europe,Away,Away,18,4,6,12,,,12,3,6,10,7,2,,2,10,12,2,,6,8,,5,5,12,12,12,8,5,10,0,,8,3,10,7,8,,,,5,,4,7,7,0,5,12,1,,,,,,,,,,,,
2006,Macedonia,Former Yugoslavia,"English, Macedonian",Elena Risteska,"""Ninanajna""",?,Female,Solo,12,56,Greece,Western Europe,Away,Away,68,3,0,7,,,0,0,8,6,8,0,,0,0,0,0,,0,0,,0,0,0,0,0,,0,0,0,,0,0,0,0,0,0,,,8,,6,0,0,4,6,0,0,,,,,,,,,,,,
2006,Romania,Former Socialist Bloc,"English, Italian",Mihai Tr?istariu,"""Tornerï""",I'll Return,Male,Solo,4,176,Greece,Western Europe,Away,Away,8,0,5,3,,,3,10,2,2,7,10,,6,4,7,1,,5,6,,3,5,10,2,1,2,10,12,2,,4,4,3,3,,4,,,2,,4,12,6,1,3,6,6,,,,,,,,,,,,
2006,Bosnia and Herzegovina,Former Yugoslavia,Bosnian,Hari Mata Hari,"""Lejla""",Layla,Male,Group,3,229,Greece,Western Europe,Away,Away,10,12,0,5,,,4,6,,7,12,8,,8,0,10,6,,7,6,,3,2,2,0,4,12,0,5,12,,2,8,4,2,7,6,,,12,,12,1,10,12,12,10,0,,,,,,,,,,,,
2006,Lithuania,Former Socialist Bloc,"English, French",LT United,"""We Are The Winners""",?,Male,Group,6,162,Greece,Western Europe,Away,Away,90,0,7,0,,,6,4,0,1,6,6,,7,8,8,0,,1,4,,10,12,3,10,,3,1,4,7,,4,5,8,4,0,5,,,3,,3,4,3,0,0,5,10,,,,,,,,,,,,
2006,United Kingdom,Independent,English,Daz Sampson,"""Teenage Life""",?,Male,Solo,19,25,Greece,Western Europe,Away,Away,28,0,2,0,,,0,0,0,0,1,0,,4,2,0,0,,0,0,,0,8,0,1,0,0,3,0,0,,1,2,1,0,0,0,,,0,,0,0,0,0,0,0,,,,,,,,,,,,,
2006,Greece,Western Europe,English,Anna Vissi,"""Everything""",?,Female,Solo,9,128,Greece,Western Europe,Home,Home,6,8,1,8,,,2,10,1,12,0,5,,0,0,1,5,,8,,,0,0,0,0,3,7,8,1,0,,12,0,0,0,10,0,,,6,,0,0,4,5,4,0,7,,,,,,,,,,,,
2006,Finland ,Scandinavia,English,Lordi,"""Hard Rock Hallelujah""",?,Male,Group,1,292,Greece,Western Europe,Away,Away,3,0,10,0,,,7,8,7,5,10,7,,12,12,,8,,10,12,,12,10,7,8,10,6,7,6,0,,5,12,12,6,4,8,,,7,,8,10,12,8,7,7,12,,,,,,,,,,,,
2006,Ukraine,Former Socialist Bloc,English,Tina Karol,"""Show Me Your Love""",?,Female,Solo,7,145,Greece,Western Europe,Away,Away,38,0,5,10,,,10,0,5,3,4,1,,0,5,2,0,,0,5,,6,1,6,5,7,5,2,8,2,,6,0,6,12,3,10,,,2,,2,3,1,0,8,,0,,,,,,,,,,,,
2006,France,Western Europe,French,Virginie Pouchain,"""Il Çtait temps""",It Was Time,Female,Solo,22,5,Greece,Western Europe,Away,Home,397,0,0,2,,,0,0,0,0,0,0,,0,0,0,,,0,0,,0,0,0,0,0,0,0,0,3,,0,0,0,0,0,0,,,0,,0,0,0,0,0,0,0,,,,,,,,,,,,
2006,Croatia,Former Yugoslavia,Croatian,Severina,"""Moja ?tikla""",My High Heel,Female,Solo,12,56,Greece,Western Europe,Away,Away,59,0,0,0,,,0,0,12,0,,0,,0,0,0,0,,2,0,,0,0,0,0,0,10,0,0,4,,0,0,0,0,0,0,,,10,,10,0,0,6,2,0,0,,,,,,,,,,,,
2006,Ireland,Independent,English,Brian Kennedy,"""Every Song Is a Cry for Love""",?,Male,Solo,10,93,Greece,Western Europe,Away,Away,48,0,4,3,,,0,0,0,0,2,4,,5,6,4,1,,4,0,,1,,0,4,6,0,4,0,10,,0,7,2,5,2,0,,,0,,1,0,5,3,0,2,8,,,,,,,,,,,,
2006,Sweden,Scandinavia,English,Carola,"""Invincible""",?,Female,Solo,5,170,Greece,Western Europe,Away,Away,5,10,8,6,,,5,5,3,0,3,0,,10,7,7,3,,0,0,,7,7,5,7,5,1,6,2,5,,0,10,7,8,5,2,,,1,,7,6,,2,0,6,4,,,,,,,,,,,,
2006,Turkey,Independent,"Turkish, English",Sibel TÅzÅn,"""SÅper Star""",Superstar,Female,Solo,11,91,Greece,Western Europe,Away,Away,139,7,0,0,,,0,7,10,4,0,12,,0,0,0,12,,12,3,,0,0,1,0,0,4,0,0,0,,0,0,0,0,6,0,,,0,,0,0,0,10,,0,3,,,,,,,,,,,,
2006,Armenia,Former Socialist Bloc,English,AndrÇ,"""Without Your Love""",?,Male,Solo,8,129,Greece,Western Europe,Away,Away,124,0,0,,,,8,12,0,8,0,10,,0,0,0,10,,3,10,,0,0,8,0,2,0,0,7,0,,7,0,5,0,1,12,,,0,,0,8,0,0,10,8,0,,,,,,,,,,,,
2005,Hungary,Former Socialist Bloc,Hungarian,NOX,"""Forogj, vil†g!""","Spin, World",Both,Group,12,97,Ukraine,Former Socialist Bloc,Away,Home,13,0,6,,0,,2,2,1,5,6,7,,0,3,0,3,,0,2,,6,0,8,3,0,1,0,0,0,,0,0,10,2,8,3,,,6,,0,5,0,0,6,2,0,,,,,,,,,,,,
2005,United Kingdom,Independent,English,Javine,"""Touch My Fire""",?,Female,Solo,22,18,Ukraine,Former Socialist Bloc,Away,Away,64,0,0,,0,,0,0,0,0,0,5,,0,0,0,0,,0,0,0,0,8,0,0,0,0,4,0,0,,0,0,0,0,0,0,,,0,,0,0,0,0,1,0,,,,,,,,,,,,,
2005,Malta,Western Europe,English,Chiara,"""Angel""",?,Female,Solo,2,192,Ukraine,Former Socialist Bloc,Away,Away,18,4,0,,5,,5,8,0,0,4,6,,10,4,8,7,,8,8,5,4,10,10,5,2,0,,0,5,,5,10,0,0,2,12,,,0,,1,7,6,3,8,10,10,,,,,,,,,,,,
2005,Romania,Former Socialist Bloc,English,Lumini?a Anghel and Sistem,"""Let Me Try""",?,Female,Solo,3,158,Ukraine,Former Socialist Bloc,Away,Home,19,5,7,,6,,1,7,2,8,0,8,,3,0,0,5,,0,5,10,5,5,12,0,0,2,7,7,4,,3,6,7,12,,0,,,3,,0,12,2,0,4,0,0,,,,,,,,,,,,
2005,Norway,Scandinavia,English,Wig Wam,"""In My Dreams""",?,Male,Group,9,125,Ukraine,Former Socialist Bloc,Away,Away,8,0,2,,0,,4,3,3,1,0,3,,12,8,12,0,,0,4,0,12,4,1,6,5,0,5,3,0,,1,,8,0,0,0,,,2,,4,3,8,0,0,6,5,,,,,,,,,,,,
2005,Turkey,Independent,Turkish,GÅlseren,"""Rimi Rimi Ley""",?,Female,Solo,13,92,Ukraine,Former Socialist Bloc,Away,Away,132,8,0,,7,,0,10,8,3,0,0,,8,0,0,12,,10,0,0,0,0,0,0,0,4,0,0,0,,12,0,0,0,3,0,,,0,,0,0,0,6,,0,1,,,,,,,,,,,,
2005,Moldova,Former Socialist Bloc,"English, Romanian",Zdob ?i Zdub,"""Boonika bate doba""",Grandmamma Beats The Drum,Male,Group,6,148,Ukraine,Former Socialist Bloc,Away,Home,35,0,0,,2,,7,1,4,6,1,2,,0,6,0,2,,1,7,4,8,0,4,8,10,5,2,,0,,0,0,3,10,12,10,,,5,,3,4,0,0,7,12,2,,,,,,,,,,,,
2005,Albania,Former Socialist Bloc,English,Ledina Äelo,"""Tomorrow I Go""",?,Female,Solo,16,53,Ukraine,Former Socialist Bloc,Away,Home,131,,0,,3,,0,0,5,0,2,0,,0,0,0,1,,0,10,0,0,0,0,0,0,12,0,0,0,,0,0,0,0,0,0,,,8,,0,0,0,10,2,0,0,,,,,,,,,,,,
2005,Cyprus,Independent,English,Constantinos Christoforou,"""Ela Ela (Come Baby)""",?,Male,Solo,18,46,Ukraine,Former Socialist Bloc,Away,Away,62,7,0,,0,,0,0,0,10,0,,,0,0,0,0,,0,12,0,0,0,0,0,0,0,12,0,0,,0,0,0,0,1,0,,,1,,0,0,0,0,0,0,3,,,,,,,,,,,,
2005,Spain,Western Europe,Spanish,Son de Sol,"""Brujer°a""",Witchcraft,Female,Group,21,28,Ukraine,Former Socialist Bloc,Away,Away,105,0,12,,0,,0,0,0,0,0,0,,0,0,0,4,,0,0,0,0,0,0,0,0,0,0,0,0,,0,0,0,8,0,0,,,0,,0,,0,4,0,0,0,,,,,,,,,,,,
2005,Israel,Independent,"English, Hebrew",Shiri Maimon,"""Hasheket Shenish'ar""",The Silence That Remains,Female,Solo,4,154,Ukraine,Former Socialist Bloc,Away,Away,23,3,8,,1,,8,6,0,0,0,0,,5,1,5,10,,5,0,8,0,6,,2,3,0,8,6,12,,7,5,0,5,7,8,,,0,,0,6,1,1,3,7,7,,,,,,,,,,,,
2005,Serbia and Montenegro,Former Yugoslavia,Montenegrin [3],No Name,"""Zauvijek moja""",Forever Mine,Male,Group,7,137,Ukraine,Former Socialist Bloc,Away,Away,61,6,0,,12,,3,0,10,4,12,10,,0,0,0,6,,3,6,2,0,0,0,1,0,10,0,1,6,,4,0,0,0,6,6,,,,,10,0,4,12,0,3,0,,,,,,,,,,,,
2005,Denmark,Scandinavia,English,Jakob Sveistrup,"""Talking to You""",?,Male,Solo,10,125,Ukraine,Former Socialist Bloc,Away,Away,31,0,3,,0,,0,4,0,0,0,0,,,5,2,0,,6,0,6,10,7,3,4,4,0,3,0,10,,8,12,5,1,4,0,,,0,,0,10,10,0,0,0,8,,,,,,,,,,,,
2005,Sweden,Scandinavia,English,Martin Stenmarck,"""Las Vegas""",?,Male,Solo,19,30,Ukraine,Former Socialist Bloc,Away,Away,63,0,0,,0,,0,0,0,0,0,0,,7,0,6,0,,0,0,0,0,0,0,0,0,6,0,5,3,,0,1,0,0,0,0,,,0,,0,2,,0,0,0,0,,,,,,,,,,,,
2005,Macedonia,Former Yugoslavia,English,Martin Vu?i?,"""Make My Day""",?,Male,Solo,17,52,Ukraine,Former Socialist Bloc,Away,Away,258,10,0,,0,,0,0,7,7,8,0,,0,0,0,0,,0,0,0,0,0,0,0,0,,0,0,1,,0,0,0,0,0,0,,,7,,5,0,0,2,5,0,0,,,,,,,,,,,,
2005,Ukraine,Former Socialist Bloc,"English, Ukrainian",GreenJolly,"""Razom nas bahato""",Together We Are Many,Male,Group,19,30,Ukraine,Former Socialist Bloc,Home,Home,156,0,0,,0,,0,0,0,0,0,0,,0,0,0,0,,0,0,0,0,0,0,0,0,0,0,8,0,,0,0,12,7,0,2,,,0,,0,1,0,0,0,,0,,,,,,,,,,,,
2005,Germany,Western Europe,English,Gracia Baur,"""Run and Hide""",?,Female,Solo,24,4,Ukraine,Former Socialist Bloc,Away,Away,224,0,0,,0,,0,0,0,0,0,0,,0,0,0,0,,,0,0,0,0,0,0,0,0,0,2,2,,0,0,0,0,0,0,,,0,,0,0,0,0,0,0,0,,,,,,,,,,,,
2005,Croatia,Former Yugoslavia,Croatian,Boris Novkovi?,"""Vukovi umiru sami""",Wolves Die Alone,Male,Solo,11,115,Ukraine,Former Socialist Bloc,Away,Away,103,2,0,,8,,0,0,12,2,,0,,0,2,1,0,,2,0,7,1,0,0,7,6,8,0,0,7,,2,2,2,0,5,1,,,10,,12,0,0,8,0,8,0,,,,,,,,,,,,
2005,Greece,Western Europe,English,Helena Paparizou,"""My Number One""",?,Female,Solo,1,230,Ukraine,Former Socialist Bloc,Away,Away,2,12,4,,4,,0,12,6,12,5,12,,2,0,3,8,,12,,12,2,2,7,0,1,7,6,4,0,,10,4,1,3,10,4,,,12,,2,8,12,7,12,0,12,,,,,,,,,,,,
2005,Russia,Former Socialist Bloc,English,Natalia Podolskaya,"""Nobody Hurt No One""",?,Female,Solo,15,57,Ukraine,Former Socialist Bloc,Away,Home,97,0,0,,0,,12,0,0,0,0,0,,0,7,7,0,,0,0,0,0,0,0,10,7,0,0,10,0,,0,0,0,0,0,,,,0,,0,0,0,0,0,4,0,,,,,,,,,,,,
2005,Bosnia and Herzegovina,Former Yugoslavia,English,Feminnem,"""Call Me""",?,Female,Group,14,79,Ukraine,Former Socialist Bloc,Away,Away,17,0,0,,10,,0,0,,0,10,0,,4,0,0,0,,0,0,0,0,1,0,0,0,3,0,0,0,,6,7,0,0,0,0,,,4,,8,0,7,5,10,0,4,,,,,,,,,,,,
2005,Switzerland,Western Europe,English,Vanilla Ninja,"""Cool Vibes""",?,Female,Group,8,128,Ukraine,Former Socialist Bloc,Away,Away,13,0,1,,0,,10,0,0,0,3,4,,1,12,10,0,,4,3,3,7,3,2,12,8,0,1,0,8,,0,3,6,4,0,7,,,0,,6,0,5,,0,5,0,,,,,,,,,,,,
2005,Latvia,Former Socialist Bloc,English,Walters and Kazha,"""The War Is Not Over""",?,Male,Group,5,153,Ukraine,Former Socialist Bloc,Away,Home,21,0,10,,0,,6,5,0,0,7,1,,6,10,4,0,,7,1,1,3,12,6,,12,0,10,12,0,,0,8,4,6,0,5,,,0,,7,0,3,0,0,1,6,,,,,,,,,,,,
2005,France,Western Europe,French,Ortal,"""Chacun pense Ö soi""",Everyone Thinks of Themselves,Female,Solo,23,11,Ukraine,Former Socialist Bloc,Away,Away,246,1,5,,0,,0,0,0,0,0,0,,0,0,0,,,0,0,0,0,0,5,0,0,0,0,0,0,,0,0,0,0,0,0,,,0,,0,0,0,0,0,0,0,,,,,,,,,,,,
2004,Spain,Western Europe,Spanish,Ram¢n,"""Para llenarme de ti""",To Be Filled By You,Male,Solo,10,87,Turkey,Independent,Away,Away,87,0,12,,0,,2,7,0,,0,7,,0,0,0,8,,2,3,,1,0,8,0,0,1,3,,3,,4,0,1,12,5,0,,,0,,0,,0,6,2,0,0,,,,,,,,,,,,
2004,Austria,Western Europe,German,Tie Break,"""Du bist""",You Are,Male,Group,21,9,Turkey,Independent,Away,Away,371,0,0,,,,0,0,0,,0,0,,0,0,0,4,,0,5,,0,0,0,0,0,0,0,,0,,0,0,0,0,0,0,,,0,,0,0,0,0,0,0,0,,,,,,,,,,,,
2004,Norway,Scandinavia,English,Knut Anders Sõrum,"""High""",?,Male,Solo,24,3,Turkey,Independent,Away,Away,118,0,0,,0,,0,0,0,,0,0,,0,0,0,0,,0,0,,0,0,0,0,0,0,0,,0,,0,,0,0,0,0,,,0,,0,0,3,0,0,0,0,,,,,,,,,,,,
2004,France,Western Europe,"French, Spanish",Jonatan Cerrada,"""∑ chaque pas""",With Every Step,Male,Solo,15,40,Turkey,Independent,Away,Away,110,1,7,,0,,0,10,0,,0,0,,0,0,0,,,0,0,,0,0,0,0,0,0,0,,12,,0,0,0,2,0,4,,,0,,0,4,0,0,0,0,0,,,,,,,,,,,,
2004,Serbia and Montenegro,Former Yugoslavia,Serbian,?eljko Joksimovi?,"""Lane moje""",My Sweetheart,Male,Solo,2,263,Turkey,Independent,Away,Away,7,7,2,,12,,7,3,12,,12,10,,7,1,10,10,,10,8,,7,3,7,5,2,10,6,,1,,10,6,5,7,8,10,,,,,12,6,12,12,8,12,3,,,,,,,,,,,,
2004,Malta,Western Europe,English,Julie and Ludwig,"""On Again... Off Again""",?,Both,Group,12,50,Turkey,Independent,Away,Away,35,3,6,,0,,0,0,1,,2,0,,1,6,0,0,,0,1,,0,6,4,6,4,3,,,0,,0,0,3,1,0,0,,,0,,0,0,0,0,0,1,2,,,,,,,,,,,,
2004,Netherlands,Western Europe,English,Re-Union,"""Without You""",?,Male,Group,20,11,Turkey,Independent,Away,Away,137,0,0,,0,,0,6,0,,0,0,,0,3,0,0,,0,0,,0,0,0,0,0,0,2,,0,,,0,0,0,0,0,,,0,,0,0,0,0,0,0,0,,,,,,,,,,,,
2004,Germany,Western Europe,"English, Turkish",Max,"""Can't Wait Until Tonight""",?,Male,Solo,8,93,Turkey,Independent,Away,Away,16,2,0,,10,,0,0,3,,1,0,,0,2,0,7,,,0,,0,4,0,0,1,0,0,,7,,3,1,6,8,4,0,,,0,,3,12,0,10,5,0,4,,,,,,,,,,,,
2004,Albania,Former Socialist Bloc,English,Anjeza Shahini,"""The Image of You""",?,Female,Solo,7,106,Turkey,Independent,Away,Away,42,,0,,5,,0,1,4,,6,0,,4,0,3,1,,5,10,,4,2,0,1,0,12,10,,0,,1,3,0,0,1,0,,,8,,4,0,7,7,6,0,1,,,,,,,,,,,,
2004,Ukraine,Former Socialist Bloc,"English, Ukrainian",Ruslana,"""Wild Dances""",?,Female,Solo,1,280,Turkey,Independent,Away,Away,2,5,10,,4,,10,5,6,,8,8,,5,12,8,2,,6,7,,12,7,12,12,12,8,8,,6,,7,7,12,10,6,12,,,10,,8,8,10,0,12,,5,,,,,,,,,,,,
2004,Croatia,Former Yugoslavia,English,Ivan Mikuli?,"""You Are The Only One""",?,Male,Solo,12,50,Turkey,Independent,Away,Away,223,0,0,,3,,5,0,10,,,0,,0,0,1,0,,1,0,,0,0,0,0,0,5,0,,0,,0,0,0,0,0,5,,,5,,5,0,0,3,0,7,0,,,,,,,,,,,,
2004,Bosnia and Herzegovina,Former Yugoslavia,English,Deen,"""In The Disco""",?,Male,Solo,9,91,Turkey,Independent,Away,Away,64,10,0,,7,,0,0,,,10,0,,8,0,0,0,,0,0,,0,0,0,0,0,4,0,,4,,2,10,0,0,0,0,,,6,,10,0,8,5,7,0,0,,,,,,,,,,,,
2004,Belgium,Western Europe,English,Xandee,"""1 Life""",?,Female,Solo,22,7,Turkey,Independent,Away,Away,15,0,1,,0,,0,,0,,0,1,,0,0,0,0,,0,0,,0,0,0,0,0,0,0,,0,,5,0,0,0,0,0,,,0,,0,0,0,0,0,0,0,,,,,,,,,,,,
2004,Russia,Former Socialist Bloc,English,Julia Savicheva,"""Believe Me""",?,Female,Solo,11,67,Turkey,Independent,Away,Away,43,0,0,,0,,12,0,0,,0,6,,0,8,4,0,,0,2,,0,0,6,10,8,0,0,,0,,0,0,0,0,0,,,,1,,0,0,0,0,0,10,0,,,,,,,,,,,,
2004,Macedonia,Former Yugoslavia,English,To?e Proeski,"""Life""",?,Male,Solo,14,47,Turkey,Independent,Away,Away,222,6,0,,0,,0,0,8,,5,0,,0,0,0,0,,0,0,,0,0,0,0,0,,1,,0,,0,0,0,0,0,0,,,12,,7,0,0,1,4,3,0,,,,,,,,,,,,
2004,Greece,Western Europe,English,Sakis Rouvas,"""Shake It""",?,Male,Solo,3,252,Turkey,Independent,Away,Away,5,12,8,,2,,6,8,5,,7,12,,3,5,6,6,,7,,,6,5,10,7,10,7,12,,10,,6,2,7,6,12,7,,,7,,6,7,4,4,10,8,12,,,,,,,,,,,,
2004,Iceland,Scandinavia,English,J¢nsi,"""Heaven""",?,Male,Solo,19,16,Turkey,Independent,Away,Away,68,0,0,,0,,0,0,0,,0,0,,2,0,2,0,,0,0,,,0,0,0,0,0,0,,5,,0,5,0,0,0,2,,,0,,0,0,0,0,0,0,0,,,,,,,,,,,,
2004,Ireland,Independent,English,Chris Doran,"""If My World Stopped Turning""",?,Male,Solo,22,7,Turkey,Independent,Away,Away,22,0,0,,0,,0,0,0,,0,0,,0,0,0,0,,0,0,,0,,0,0,0,0,0,,0,,0,0,0,0,0,0,,,0,,0,0,0,0,0,0,7,,,,,,,,,,,,
2004,Poland,Former Socialist Bloc,"English, Spanish",Blue CafÇ,"""Love Song""",?,Both,Group,17,27,Turkey,Independent,Away,Away,54,0,0,,0,,0,0,0,,0,2,,0,0,0,0,,4,4,,3,0,0,0,7,0,0,,0,,0,0,,0,0,0,,,0,,0,1,1,0,0,5,0,,,,,,,,,,,,
2004,United Kingdom,Independent,English,James Fox,"""Hold On to Our Love""",?,Male,Solo,16,29,Turkey,Independent,Away,Away,48,0,0,,0,,1,0,0,,0,0,,0,4,0,0,,0,0,,2,8,0,3,0,0,4,,0,,0,0,2,0,2,1,,,0,,0,0,2,0,0,0,,,,,,,,,,,,,
2004,Cyprus,Independent,English,Lisa Andreas,"""Stronger Every Minute""",?,Female,Solo,5,170,Turkey,Independent,Away,Away,10,0,4,,6,,8,4,0,,4,,,6,7,7,5,,8,12,,10,10,3,4,5,0,7,,2,,8,4,4,3,3,6,,,3,,1,3,6,2,1,4,10,,,,,,,,,,,,
2004,Turkey,Independent,English,Athena,"""For Real""",?,Male,Group,4,195,Turkey,Independent,Home,Home,31,8,3,,8,,3,12,7,,3,4,,10,0,5,12,,12,6,,5,1,2,2,3,6,0,,8,,12,8,8,0,10,8,,,2,,0,2,5,8,,6,6,,,,,,,,,,,,
2004,Romania,Former Socialist Bloc,English,Sanda,"""I Admit""",?,Female,Solo,18,18,Turkey,Independent,Away,Away,69,0,0,,0,,0,0,0,,0,3,,0,0,0,0,,0,0,,0,0,1,0,0,0,0,,0,,0,0,0,4,,0,,,0,,0,10,0,0,0,0,0,,,,,,,,,,,,
2004,Sweden,Scandinavia,English,Lena Philipsson,"""It Hurts""",?,Female,Solo,5,170,Turkey,Independent,Away,Away,11,4,5,,1,,4,2,2,,0,5,,12,10,12,3,,3,0,,8,12,5,8,6,2,5,,0,,0,12,10,5,7,3,,,4,,2,5,,0,3,2,8,,,,,,,,,,,,
2003,Iceland,Scandinavia,English,Birgitta Haukdal,"""Open Your Heart""",?,,,8,81,Latvia,Former Socialist Bloc,Away,Away,,,,,0,,,3,0,,6,5,,,1,,1,,1,0,,,7,0,3,,,12,,,,6,12,1,0,0,0,,,,,4,0,7,,8,4,0,,,,,,,,,,,,
2003,Austria,Western Europe,Styrian,Alf Poier,"""Weil der Mensch zÑhlt""",Because the human matters,,,6,101,Latvia,Former Socialist Bloc,Away,Away,,,,,,,,2,5,,5,4,,,6,,0,,2,2,,10,0,0,4,,,0,,,,8,8,0,10,0,0,,,,,7,8,6,,6,0,8,,,,,,,,,,,,
2003,Ireland,Independent,English,Mickey Joe Harte,"""We've Got the World""",?,,,11,53,Latvia,Former Socialist Bloc,Away,Away,,,,,0,,,1,0,,4,7,,,0,,0,,0,0,,2,,0,1,,,5,,,,0,6,0,7,0,0,,,,,2,0,0,,5,1,12,,,,,,,,,,,,
2003,Turkey,Independent,English,Sertab Erener,"""Everyway That I Can""",?,,,1,167,Latvia,Former Socialist Bloc,Away,Away,,,,,12,,,12,12,,10,8,,,0,,10,,10,7,,3,0,7,0,,,4,,,,12,10,2,8,10,0,,,,,10,3,8,,,2,7,,,,,,,,,,,,
2003,Malta,Western Europe,English,Lynn Chircop,"""To Dream Again""",?,,,25,4,Latvia,Former Socialist Bloc,Away,Away,,,,,0,,,0,0,,0,0,,,0,,0,,0,0,,0,3,0,0,,,,,,,0,0,0,1,0,0,,,,,0,0,0,,0,0,0,,,,,,,,,,,,
2003,Bosnia and Herzegovina,Former Yugoslavia,"Croatian, English",Mija Martina,"""Ne brini""",Don't worry,,,16,27,Latvia,Former Socialist Bloc,Away,Away,,,,,7,,,0,,,8,0,,,0,,0,,0,0,,0,0,0,0,,,0,,,,0,0,0,0,0,0,,,,,0,0,0,,12,0,0,,,,,,,,,,,,
2003,Portugal,Western Europe,"Portuguese, English",Rita Guerra,"""Deixa-me sonhar""",Let me dream,,,22,13,Latvia,Former Socialist Bloc,Away,Away,,,,,0,,,0,0,,0,0,,,0,,6,,0,0,,0,2,0,0,,,0,,,,0,0,0,,0,0,,,,,0,2,0,,0,3,0,,,,,,,,,,,,
2003,Croatia,Former Yugoslavia,"Croatian, English",Claudia Beni,"""Vi?e nisam tvoja""",I'm not yours anymore,,,15,29,Latvia,Former Socialist Bloc,Away,Away,,,,,5,,,0,6,,,0,,,0,,0,,0,1,,0,6,0,0,,,0,,,,0,0,0,0,0,0,,,,,8,0,0,,3,0,0,,,,,,,,,,,,
2003,Cyprus,Independent,English,Stelios Konstantas,"""Feeling Alive""",?,,,20,15,Latvia,Former Socialist Bloc,Away,Away,,,,,0,,,0,0,,0,,,,0,,0,,0,12,,0,0,1,0,,,2,,,,0,0,0,0,0,0,,,,,0,0,0,,0,0,0,,,,,,,,,,,,
2003,Germany,Western Europe,English,Lou,"""Let's Get Happy""",?,,,11,53,Latvia,Former Socialist Bloc,Away,Away,,,,,1,,,0,0,,0,0,,,2,,0,,,0,,8,4,0,2,,,3,,,,2,0,5,0,1,7,,,,,0,4,10,,0,0,4,,,,,,,,,,,,
2003,Russia,Former Socialist Bloc,Russian,t.A.T.u.,"""Ne ver', ne boysia""","Don't believe, don't fear",,,3,164,Latvia,Former Socialist Bloc,Away,Home,,,,,8,,,7,3,,12,10,,,12,,7,,8,10,,4,0,10,12,,,1,,,,1,2,4,4,7,,,,,,12,6,2,,10,12,0,,,,,,,,,,,,
2003,Spain,Western Europe,Spanish,Beth,"""Dime""",Tell me,,,8,81,Latvia,Former Socialist Bloc,Away,Away,,,,,0,,,10,0,,7,6,,,0,,0,,0,5,,6,0,12,0,,,0,,,,5,0,0,12,5,6,,,,,1,,4,,2,0,0,,,,,,,,,,,,
2003,Israel,Independent,"English, Hebrew",Lior Narkis,"""Words for Love""",?,,,19,17,Latvia,Former Socialist Bloc,Away,Away,,,,,0,,,0,0,,0,0,,,0,,8,,0,3,,0,0,,0,,,0,,,,0,0,0,0,0,5,,,,,0,1,0,,0,0,0,,,,,,,,,,,,
2003,Netherlands,Western Europe,English,Esther Hart,"""One More Night""",?,,,13,45,Latvia,Former Socialist Bloc,Away,Away,,,,,0,,,8,2,,0,0,,,0,,0,,0,0,,0,5,2,0,,,7,,,,,5,0,0,0,10,,,,,0,0,5,,0,0,1,,,,,,,,,,,,
2003,United Kingdom,Independent,English,Jemini,"""Cry Baby""",?,,,26,0,Latvia,Former Socialist Bloc,Away,Away,,,,,0,,,0,0,,0,0,,,0,,0,,0,0,,0,0,0,0,,,0,,,,0,0,0,0,0,0,,,,,0,0,0,,0,0,,,,,,,,,,,,,
2003,Ukraine,Former Socialist Bloc,English,Oleksandr Ponomaryov,"""Hasta la Vista""",?,,,14,30,Latvia,Former Socialist Bloc,Away,Home,,,,,0,,,0,0,,0,0,,,3,,0,,0,0,,0,0,4,5,,,0,,,,0,0,10,0,0,8,,,,,0,0,0,,0,,0,,,,,,,,,,,,
2003,Greece,Western Europe,English,Mando,"""Never Let You Go""",?,,,17,25,Latvia,Former Socialist Bloc,Away,Away,,,,,0,,,0,0,,0,12,,,0,,0,,5,,,0,1,0,0,,,0,,,,0,0,0,0,2,1,,,,,0,0,0,,4,0,0,,,,,,,,,,,,
2003,Norway,Scandinavia,English,Jostein HasselgÜrd,"""I'm Not Afraid To Move On""",?,,,4,123,Latvia,Former Socialist Bloc,Away,Away,,,,,2,,,6,0,,0,0,,,10,,3,,7,0,,12,12,3,7,,,6,,,,7,,6,5,3,4,,,,,5,0,12,,0,7,6,,,,,,,,,,,,
2003,France,Western Europe,French,Louisa Baãleche,"""Monts et merveilles""",Mountains and wonders,,,18,19,Latvia,Former Socialist Bloc,Away,Away,,,,,0,,,0,8,,0,0,,,0,,,,0,0,,0,0,0,0,,,0,,,,0,0,3,2,6,0,,,,,0,0,0,,0,0,0,,,,,,,,,,,,
2003,Poland,Former Socialist Bloc,"German, Polish, Russian",Ich Troje,"""Keine Grenzen-?adnych granic""",No borders,,,7,90,Latvia,Former Socialist Bloc,Away,Home,,,,,10,,,5,0,,0,0,,,4,,5,,12,6,,0,0,0,8,,,10,,,,4,4,,0,4,0,,,,,0,5,3,,0,8,2,,,,,,,,,,,,
2003,Latvia,Former Socialist Bloc,English,F.L.Y.,"""Hello From Mars""",?,,,24,5,Latvia,Former Socialist Bloc,Home,Home,,,,,0,,,0,0,,0,0,,,5,,0,,0,0,,0,0,0,,,,0,,,,0,0,0,0,0,0,,,,,0,0,0,,0,0,0,,,,,,,,,,,,
2003,Belgium,Western Europe,Imaginary,Urban Trad,"""Sanomi""",?,,,2,165,Latvia,Former Socialist Bloc,Away,Away,,,,,4,,,,10,,0,3,,,8,,12,,6,8,,7,10,8,10,,,0,,,,10,3,12,6,8,3,,,,,3,12,0,,7,10,5,,,,,,,,,,,,
2003,Estonia,Former Socialist Bloc,English,Ruffus,"""Eighties Coming Back""",?,,,21,14,Latvia,Former Socialist Bloc,Away,Home,,,,,0,,,0,0,,0,0,,,,,0,,0,0,,1,8,0,0,,,0,,,,0,0,0,0,0,2,,,,,0,0,0,,0,0,3,,,,,,,,,,,,
2003,Romania,Former Socialist Bloc,English,Nicola,"""Don't Break My Heart""",?,,,10,73,Latvia,Former Socialist Bloc,Away,Home,,,,,6,,,0,7,,1,2,,,0,,4,,4,4,,0,0,6,0,,,0,,,,0,1,8,0,,12,,,,,0,10,1,,1,6,0,,,,,,,,,,,,
2003,Sweden,Scandinavia,English,Fame,"""Give Me Your Love""",?,,,5,107,Latvia,Former Socialist Bloc,Away,Away,,,,,3,,,4,1,,2,1,,,7,,2,,3,0,,5,0,5,6,,,8,,,,3,7,7,3,12,0,,,,,6,7,,,0,5,10,,,,,,,,,,,,
2003,Slovenia,Former Yugoslavia,English,Karmen Stavec,"""Nanana""",?,,,23,7,Latvia,Former Socialist Bloc,Away,Away,,,,,0,,,0,4,,3,0,,,0,,0,,0,0,,0,0,0,0,,,0,,,,0,0,0,0,0,0,,,,,,0,0,,0,0,0,,,,,,,,,,,,
2002,Cyprus,Independent,English,One,"""Gimme""",?,,,6,85,Estonia,Former Socialist Bloc,Away,Away,,,,,0,,,3,0,,10,,,0,4,4,0,,0,12,,,,0,8,4,0,12,,,,,,,,8,6,,,,,4,6,1,0,0,,3,,,,,,,,,,,,
2002,United Kingdom,Independent,English,Jessica Garlick,"""Come Back""",?,,,3,111,Estonia,Former Socialist Bloc,Away,Away,,,,,12,,,6,7,,0,0,,6,6,8,1,,8,7,,,,5,5,8,4,10,,,,,,,,0,0,,,,,8,0,2,6,2,,,,,,,,,,,,,,
2002,Austria,Western Europe,English,Manuel Ortega,"""Say A Word""",?,,,18,26,Estonia,Former Socialist Bloc,Away,Away,,,,,,,,5,0,,0,1,,0,0,0,0,,0,0,,,,0,0,0,0,0,,,,,,,,0,1,,,,,0,0,0,7,12,,0,,,,,,,,,,,,
2002,Greece,Western Europe,English,Michalis Rakintzis,"""S.A.G.A.P.O.""",I love you,,,17,27,Estonia,Former Socialist Bloc,Away,Away,,,,,0,,,0,0,,1,12,,0,0,0,0,,0,,,,,0,0,0,0,0,,,,,,,,6,8,,,,,0,0,0,0,0,,0,,,,,,,,,,,,
2002,Spain,Western Europe,Spanish,Rosa,"""Europe's Living A Celebration""",?,,,7,81,Estonia,Former Socialist Bloc,Away,Away,,,,,0,,,12,6,,6,7,,0,0,0,12,,7,4,,,,6,0,0,0,0,,,,,,,,0,0,,,,,0,,7,12,0,,2,,,,,,,,,,,,
2002,Croatia,Former Yugoslavia,English,Vesna Pisarovi?,"""Everything I Want""",?,,,11,44,Estonia,Former Socialist Bloc,Away,Away,,,,,6,,,0,2,,,6,,0,0,0,0,,3,5,,,,0,0,0,5,0,,,,,,,,0,0,,,,,12,0,0,5,0,,0,,,,,,,,,,,,
2002,Russia,Former Socialist Bloc,English,Prime Minister,"""Northern Girl""",?,,,10,55,Estonia,Former Socialist Bloc,Away,Home,,,,,0,,,0,0,,0,5,,0,10,3,0,,0,2,,,,1,10,6,0,8,,,,,,,,10,,,,,,0,0,0,0,0,,0,,,,,,,,,,,,
2002,Estonia,Former Socialist Bloc,English,Sahlene,"""Runaway""",?,,,3,111,Estonia,Former Socialist Bloc,Home,Home,,,,,3,,,4,10,,5,0,,8,,10,0,,4,0,,,,2,12,7,6,2,,,,,,,,2,3,,,,,6,0,12,0,8,,7,,,,,,,,,,,,
2002,Macedonia,Former Yugoslavia,Macedonian,Karolina Go?eva,"""Od nas zavisi""",It depends on us,,,19,25,Estonia,Former Socialist Bloc,Away,Away,,,,,0,,,0,0,,4,3,,0,0,1,0,,0,0,,,,0,0,0,,5,,,,,,,,12,0,,,,,0,0,0,0,0,,0,,,,,,,,,,,,
2002,Israel,Independent,"Hebrew, English",Sarit Hadad,"""Nadlik Beyakhad Ner (Light A Candle)""",?,,,12,37,Estonia,Former Socialist Bloc,Away,Away,,,,,0,,,2,0,,0,0,,1,0,5,10,,5,0,,,,,3,0,0,0,,,,,,,,5,0,,,,,0,0,0,1,0,,5,,,,,,,,,,,,
2002,Switzerland,Western Europe,French,Francine Jordi,"""Dans le jardin de mon Éme""",In the garden of my soul,,,22,15,Estonia,Former Socialist Bloc,Away,Away,,,,,5,,,0,0,,0,0,,0,0,0,3,,2,0,,,,0,1,0,0,0,,,,,,,,3,0,,,,,1,0,0,,0,,0,,,,,,,,,,,,
2002,Sweden,Scandinavia,English,Afro-dite,"""Never Let It Go""",?,,,8,72,Estonia,Former Socialist Bloc,Away,Away,,,,,4,,,1,12,,0,0,,10,8,7,0,,0,1,,,,3,4,10,0,0,,,,,,,,0,0,,,,,7,0,,0,4,,1,,,,,,,,,,,,
2002,Finland ,Scandinavia,English,Laura Voutilainen,"""Addicted To You""",?,,,20,24,Estonia,Former Socialist Bloc,Away,Away,,,,,0,,,0,3,,0,2,,3,5,,0,,0,0,,,,0,0,0,1,0,,,,,,,,0,0,,,,,0,0,10,0,0,,0,,,,,,,,,,,,
2002,Denmark,Scandinavia,English,Malene,"""Tell Me Who You Are""",?,,,24,7,Estonia,Former Socialist Bloc,Away,Away,,,,,0,,,0,0,,0,0,,,0,0,0,,0,0,,,,4,0,1,0,1,,,,,,,,0,0,,,,,0,0,0,0,1,,0,,,,,,,,,,,,
2002,Bosnia and Herzegovina,Former Yugoslavia,"Serbian, English",Maja Tati?,"""Na jastuku za dvoje""",On a pillow for two,,,13,33,Estonia,Former Socialist Bloc,Away,Away,,,,,7,,,0,,,7,0,,2,0,0,0,,0,0,,,,0,0,0,3,3,,,,,,,,0,0,,,,,2,3,6,0,0,,0,,,,,,,,,,,,
2002,Belgium,Western Europe,English,Sergio & The Ladies,"""Sister""",?,,,13,33,Estonia,Former Socialist Bloc,Away,Away,,,,,0,,,,0,,0,0,,4,0,0,2,,0,0,,,,0,0,2,0,0,,,,,,,,0,7,,,,,0,1,3,0,10,,4,,,,,,,,,,,,
2002,France,Western Europe,French,Sandrine Franáois,"""Il faut du temps""",It takes time,,,5,104,Estonia,Former Socialist Bloc,Away,Away,,,,,0,,,10,8,,0,0,,5,3,12,,,6,3,,,,7,2,5,0,0,,,,,,,,4,0,,,,,3,8,8,10,0,,10,,,,,,,,,,,,
2002,Germany,Western Europe,English,Corinna May,"""I Can't Live Without Music""",?,,,21,17,Estonia,Former Socialist Bloc,Away,Away,,,,,1,,,0,0,,0,0,,0,1,0,0,,,0,,,,0,0,0,0,4,,,,,,,,1,2,,,,,0,2,0,3,3,,0,,,,,,,,,,,,
2002,Turkey,Independent,"Turkish, English",Buket Bengisu & Group Safir,"""Leylaklar Soldu Kalbinde""",Lilacs faded in your heart,,,16,29,Estonia,Former Socialist Bloc,Away,Away,,,,,0,,,0,0,,3,0,,0,0,0,7,,0,0,,,,0,0,0,8,0,,,,,,,,7,0,,,,,0,4,0,0,,,0,,,,,,,,,,,,
2002,Malta,Western Europe,English,Ira Losco,"""7th Wonder""",?,,,2,164,Estonia,Former Socialist Bloc,Away,Away,,,,,8,,,7,4,,12,10,,12,7,2,6,,10,6,,,,10,7,3,10,,,,,,,,,0,5,,,,,10,10,4,4,5,,12,,,,,,,,,,,,
2002,Romania,Former Socialist Bloc,English,Monica Anghel & Marcel Pavel,"""Tell Me Why""",?,,,9,71,Estonia,Former Socialist Bloc,Away,Home,,,,,0,,,0,0,,0,8,,0,0,0,4,,1,8,,,,8,0,0,12,6,,,,,,,,,12,,,,,0,5,0,0,7,,0,,,,,,,,,,,,
2002,Slovenia,Former Yugoslavia,Slovene,Sestre,"""Samo ljubezen""",Only love,,,13,33,Estonia,Former Socialist Bloc,Away,Away,,,,,2,,,0,1,,8,0,,0,0,0,5,,0,0,,,,0,0,0,2,0,,,,,,,,0,0,,,,,,7,0,2,0,,6,,,,,,,,,,,,
2002,Latvia,Former Socialist Bloc,English,Marie N,"""I Wanna""",?,,,1,176,Estonia,Former Socialist Bloc,Away,Home,,,,,10,,,8,5,,2,4,,7,12,6,8,,12,10,,,,12,,12,7,7,,,,,,,,0,10,,,,,5,12,5,8,6,,8,,,,,,,,,,,,
2002,Lithuania,Former Socialist Bloc,English,Aivaras,"""Happy You""",?,,,23,12,Estonia,Former Socialist Bloc,Away,Home,,,,,0,,,0,0,,0,0,,0,2,0,0,,0,0,,,,0,6,,0,0,,,,,,,,0,4,,,,,0,0,0,0,0,,0,,,,,,,,,,,,
2001,Netherlands,Western Europe,English,Michelle,"""Out On My Own""",?,,,18,16,Denmark,Scandinavia,Away,Away,,,,,,,,,0,,0,,,0,0,,0,,0,0,,0,0,5,0,0,,0,,,,,0,0,6,,1,,,,,4,0,0,,0,,0,,,,,,,,,,,,
2001,Iceland,Scandinavia,English,Two Tricky,"""Angel""",?,,,22,3,Denmark,Scandinavia,Away,Home,,,,,,,,,0,,0,,,2,0,,0,,0,0,,,0,0,0,0,,0,,,,0,1,0,0,,0,,,,,0,0,0,,0,,0,,,,,,,,,,,,
2001,Bosnia and Herzegovina,Former Yugoslavia,"Bosnian, English",Nino Pr?e?,"""Hano""",Hannah,,,14,29,Denmark,Scandinavia,Away,Away,,,,,,,,,,,10,,,7,0,,0,,0,0,,0,0,0,0,0,,1,,,,0,0,0,0,,0,,,,,7,0,4,,0,,0,,,,,,,,,,,,
2001,Norway,Scandinavia,English,Haldor Lëgreid,"""On My Own""",?,,,22,3,Denmark,Scandinavia,Away,Home,,,,,,,,,0,,0,,,0,0,,0,,0,0,,0,0,0,0,0,,0,,,,0,,0,3,,0,,,,,0,0,0,,0,,0,,,,,,,,,,,,
2001,Israel,Independent,Hebrew,Tal Sondak,"""En Davar""",Never mind,,,16,25,Denmark,Scandinavia,Away,Away,,,,,,,,,6,,0,,,0,0,,10,,0,2,,0,0,,0,0,,0,,,,0,0,0,0,,0,,,,,0,0,0,,7,,0,,,,,,,,,,,,
2001,Russia,Former Socialist Bloc,English,Mumiy Troll,"""Lady Alpine Blue""",?,,,12,37,Denmark,Scandinavia,Away,Away,,,,,,,,,0,,0,,,0,4,,0,,0,5,,5,0,3,8,10,,2,,,,0,0,0,0,,,,,,,0,0,0,,0,,0,,,,,,,,,,,,
2001,Sweden,Scandinavia,English,Friends,"""Listen To Your Heartbeat""",?,,,5,100,Denmark,Scandinavia,Away,Home,,,,,,,,,3,,4,,,10,7,,2,,0,0,,7,8,8,6,2,,8,,,,0,2,5,5,,2,,,,,0,5,,,8,,8,,,,,,,,,,,,
2001,Lithuania,Former Socialist Bloc,"English, Lithuanian",SKAMP,"""You Got Style""",?,,,13,35,Denmark,Scandinavia,Away,Away,,,,,,,,,2,,0,,,0,0,,0,,0,0,,1,1,4,5,,,0,,,,5,0,0,0,,10,,,,,2,0,1,,0,,4,,,,,,,,,,,,
2001,Latvia,Former Socialist Bloc,English,Arnis Mednis,"""Too Much""",?,,,18,16,Denmark,Scandinavia,Away,Away,,,,,,,,,0,,0,,,0,8,,0,,0,0,,0,0,0,,8,,0,,,,0,0,0,0,,0,,,,,0,0,0,,0,,0,,,,,,,,,,,,
2001,Croatia,Former Yugoslavia,English,Vanna,"""Strings of My Heart""",?,,,10,42,Denmark,Scandinavia,Away,Away,,,,,,,,,7,,,,,0,0,,0,,3,7,,0,0,0,0,0,,10,,,,0,0,0,0,,0,,,,,5,0,0,,10,,0,,,,,,,,,,,,
2001,Portugal,Western Europe,Portuguese,MTM,"""S¢ sei ser feliz assim""",This is the only way I know to be happy,,,17,18,Denmark,Scandinavia,Away,Away,,,,,,,,,0,,0,,,0,0,,12,,0,0,,0,0,0,0,0,,0,,,,0,0,0,,,0,,,,,0,6,0,,0,,0,,,,,,,,,,,,
2001,Ireland,Independent,English,Gary O'Shaughnessy,"""Without Your Love""",?,,,21,6,Denmark,Scandinavia,Away,Away,,,,,,,,,0,,0,,,0,0,,0,,0,0,,0,,0,0,0,,0,,,,0,0,0,1,,0,,,,,0,0,0,,0,,5,,,,,,,,,,,,
2001,Spain,Western Europe,Spanish,David Civera,"""Dile que la quiero""",Tell her that I love her,,,6,76,Denmark,Scandinavia,Away,Away,,,,,,,,,5,,0,,,0,3,,5,,0,8,,2,3,12,4,0,,0,,,,7,4,1,7,,0,,,,,1,,5,,6,,3,,,,,,,,,,,,
2001,France,Western Europe,"French, English",Natasha St-Pier,"""Je n'ai que mon Éme""",All I have is my soul,,,4,142,Denmark,Scandinavia,Away,Away,,,,,,,,,12,,6,,,6,10,,,,6,4,,4,7,2,7,7,,0,,,,8,7,10,12,,12,,,,,6,3,6,,1,,6,,,,,,,,,,,,
2001,Turkey,Independent,"Turkish, English",Sedat YÅce,"""Sevgiliye Son""",Goodbye my love,,,11,41,Denmark,Scandinavia,Away,Away,,,,,,,,,0,,7,,,3,0,,7,,7,10,,0,0,0,0,0,,4,,,,3,0,0,0,,0,,,,,0,0,0,,,,0,,,,,,,,,,,,
2001,United Kingdom,Independent,English,Lindsay Dracass,"""No Dream Impossible""",?,,,15,28,Denmark,Scandinavia,Away,Away,,,,,,,,,0,,3,,,0,0,,0,,2,0,,0,4,0,3,3,,3,,,,2,0,2,2,,3,,,,,0,1,0,,0,,,,,,,,,,,,,,
2001,Slovenia,Former Yugoslavia,English,Nu?a Derenda,"""Energy""",?,,,7,70,Denmark,Scandinavia,Away,Away,,,,,,,,,10,,8,,,0,5,,1,,4,0,,6,2,1,0,4,,0,,,,4,6,6,0,,4,,,,,,2,7,,0,,0,,,,,,,,,,,,
2001,Poland,Former Socialist Bloc,English,PIASEK,"""2 Long""",?,,,20,11,Denmark,Scandinavia,Away,Away,,,,,,,,,0,,0,,,1,0,,0,,5,0,,0,0,0,0,0,,0,,,,0,0,,0,,0,,,,,3,0,2,,0,,0,,,,,,,,,,,,
2001,Germany,Western Europe,"German, English",Michelle,"""Wer Liebe lebt""",To live for love,,,8,66,Denmark,Scandinavia,Away,Away,,,,,,,,,0,,1,,,4,1,,6,,,1,,0,6,0,1,0,,5,,,,1,3,4,10,,8,,,,,0,10,0,,3,,2,,,,,,,,,,,,
2001,Estonia,Former Socialist Bloc,English,"Tanel Padar, Dave Benton, 2XL","""Everybody""",?,,,1,198,Denmark,Scandinavia,Away,Away,,,,,,,,,4,,2,,,8,,,8,,10,12,,10,10,6,12,12,,12,,,,12,10,12,0,,6,,,,,12,8,8,,12,,12,,,,,,,,,,,,
2001,Malta,Western Europe,English,Fabrizio Faniello,"""Another Summer Night""",?,,,9,48,Denmark,Scandinavia,Away,Away,,,,,,,,,1,,0,,,12,2,,0,,1,3,,3,0,0,0,1,,,,,,0,5,3,0,,7,,,,,0,4,3,,2,,1,,,,,,,,,,,,
2001,Greece,Western Europe,"Greek, English",Antique,"""Die for You""",?,,,3,147,Denmark,Scandinavia,Away,Away,,,,,,,,,8,,5,,,5,6,,3,,8,,,8,5,10,2,5,,7,,,,6,8,8,4,,5,,,,,8,12,12,,5,,7,,,,,,,,,,,,
2001,Denmark,Scandinavia,English,Rollo & King,"""Never Ever Let You Go""",?,,,2,177,Denmark,Scandinavia,Home,Home,,,,,,,,,0,,12,,,,12,,4,,12,6,,12,12,7,10,6,,6,,,,10,12,7,8,,0,,,,,10,7,10,,4,,10,,,,,,,,,,,,
2000,Israel,Independent,Hebrew,PingPong,"""Sameyakh""",Be happy,,,22,7,Sweden,Scandinavia,Away,Away,,,,,0,,,0,,,0,0,,0,0,0,6,,0,,,0,0,,0,,1,0,,,,0,0,,,0,0,,,,,,0,0,0,0,,0,,,,,,,,,,,,
2000,Netherlands,Western Europe,English,Linda Wagenmakers,"""No Goodbyes""",?,,,13,40,Sweden,Scandinavia,Away,Away,,,,,0,,,8,,,2,5,,0,0,0,2,,1,,,1,1,8,0,,0,5,,,,,0,,,0,0,,,,,,4,0,0,3,,0,,,,,,,,,,,,
2000,United Kingdom,Independent,English,Nicki French,"""Don't Play That Song Again""",?,,,16,28,Sweden,Scandinavia,Away,Away,,,,,0,,,0,,,4,3,,0,2,0,0,,0,,,0,0,1,3,,0,6,,,,0,0,,,3,0,,,,,,0,0,0,6,,,,,,,,,,,,,,
2000,Estonia,Former Socialist Bloc,English,Ines,"""Once in a Lifetime""",?,,,4,98,Sweden,Scandinavia,Away,Away,,,,,3,,,2,,,6,6,,4,,8,0,,5,,,5,7,6,10,,0,7,,,,7,4,,,6,0,,,,,,0,6,0,2,,4,,,,,,,,,,,,
2000,France,Western Europe,French,Sofia Mestari,"""On aura le ciel""",We'll have the sky,,,23,5,Sweden,Scandinavia,Away,Away,,,,,0,,,0,,,0,0,,0,0,0,,,0,,,0,0,0,0,,0,0,,,,2,0,,,0,3,,,,,,0,0,0,0,,0,,,,,,,,,,,,
2000,Romania,Former Socialist Bloc,English,Taxi,"""The Moon""",?,,,17,25,Sweden,Scandinavia,Away,Away,,,,,0,,,0,,,7,0,,0,0,0,0,,0,,,0,0,0,0,,12,0,,,,0,0,,,,6,,,,,,0,0,0,0,,0,,,,,,,,,,,,
2000,Malta,Western Europe,"English, Maltese",Claudette Pace,"""Desire""",?,,,8,73,Sweden,Scandinavia,Away,Away,,,,,2,,,1,,,8,8,,3,1,0,0,,3,,,0,3,3,4,,8,,,,,1,2,,,7,8,,,,,,1,3,0,5,,2,,,,,,,,,,,,
2000,Norway,Scandinavia,English,Charmed,"""My Heart Goes Boom""",?,,,11,57,Sweden,Scandinavia,Away,Home,,,,,0,,,0,,,0,0,,7,3,0,0,,0,,,7,4,7,6,,0,3,,,,0,,,,0,0,,,,,,0,7,0,10,,3,,,,,,,,,,,,
2000,Russia,Former Socialist Bloc,English,Alsou,"""Solo""",?,,,2,155,Sweden,Scandinavia,Away,Away,,,,,7,,,7,,,12,12,,6,10,5,5,,4,,,8,10,10,0,,7,12,,,,0,8,,,12,,,,,,,5,5,2,0,,8,,,,,,,,,,,,
2000,Belgium,Western Europe,French,Nathalie Sorce,"""Envie de vivre""",The wish to live,,,24,2,Sweden,Scandinavia,Away,Away,,,,,0,,,,,,0,0,,0,0,0,0,,0,,,0,0,0,0,,2,0,,,,0,0,,,0,0,,,,,,0,0,0,0,,0,,,,,,,,,,,,
2000,Cyprus,Independent,"Greek, Italian",Voice,"""Nomiza""",I believed,,,21,8,Sweden,Scandinavia,Away,Away,,,,,0,,,0,,,3,,,0,0,0,0,,0,,,0,0,0,0,,4,1,,,,0,0,,,0,0,,,,,,0,0,0,0,,0,,,,,,,,,,,,
2000,Iceland,Scandinavia,English,August & Telma,"""Tell Me!""",?,,,12,45,Sweden,Scandinavia,Away,Home,,,,,0,,,0,,,0,0,,12,6,0,0,,0,,,,0,5,7,,0,0,,,,0,7,,,0,0,,,,,,0,8,0,0,,0,,,,,,,,,,,,
2000,Spain,Western Europe,Spanish,Seraf°n Zubiri,"""Colgado de un sue§o""",Hanging from a dream,,,18,18,Sweden,Scandinavia,Away,Away,,,,,0,,,0,,,0,10,,0,0,0,0,,0,,,0,0,0,0,,0,0,,,,0,0,,,5,2,,,,,,,0,1,0,,0,,,,,,,,,,,,
2000,Denmark,Scandinavia,English,Olsen Brothers,"""Fly on the Wings of Love""",?,,,1,195,Sweden,Scandinavia,Away,Home,,,,,10,,,10,,,0,4,,,8,10,7,,12,,,12,12,12,12,,0,8,,,,10,10,,,1,12,,,,,,10,12,10,1,,12,,,,,,,,,,,,
2000,Germany,Western Europe,German,Stefan Raab,"""Wadde hadde dudde da?""",What do you have there?,,,5,96,Sweden,Scandinavia,Away,Away,,,,,12,,,6,,,1,0,,2,0,2,10,,,,,6,5,0,8,,0,0,,,,8,3,,,0,4,,,,,,12,0,12,0,,5,,,,,,,,,,,,
2000,Switzerland,Western Europe,Italian,Jane Bogaert,"""La vita cos'ä?""",What is life?,,,20,14,Sweden,Scandinavia,Away,Away,,,,,1,,,0,,,0,0,,0,0,0,0,,0,,,0,0,0,2,,0,0,,,,6,0,,,0,5,,,,,,0,0,,0,,0,,,,,,,,,,,,
2000,Croatia,Former Yugoslavia,Croatian,Goran Karan,"""Kad zaspu an?eli""",When do angels fall asleep,,,9,70,Sweden,Scandinavia,Away,Away,,,,,6,,,0,,,,0,,0,0,6,8,,6,,,0,0,0,0,,10,0,,,,0,0,,,8,10,,,,,,2,0,6,8,,0,,,,,,,,,,,,
2000,Sweden,Scandinavia,English,Roger Pontare,"""When Spirits Are Calling My Name""",?,,,7,88,Sweden,Scandinavia,Home,Home,,,,,0,,,5,,,0,0,,10,5,7,1,,8,,,4,6,0,0,,6,4,,,,0,5,,,0,0,,,,,,6,,3,12,,6,,,,,,,,,,,,
2000,Macedonia,Former Yugoslavia,"Macedonian, English",XXL,"""100% te ljubam""",I love you 100%,,,15,29,Sweden,Scandinavia,Away,Away,,,,,0,,,0,,,10,2,,0,0,0,0,,0,,,0,0,0,0,,,0,,,,0,0,,,10,7,,,,,,0,0,0,0,,0,,,,,,,,,,,,
2000,Finland,Independent,English,Nina èstrîm,"""A Little Bit""",?,,,18,18,Sweden,Scandinavia,Away,Away,,,,,0,,,0,,,0,0,,0,7,,0,,0,,,0,0,0,0,,0,0,,,,5,0,,,4,0,,,,,,0,2,0,0,,0,,,,,,,,,,,,
2000,Latvia,Former Socialist Bloc,English,Brainstorm,"""My Star""",?,,,3,136,Sweden,Scandinavia,Away,Away,,,,,8,,,12,,,0,1,,8,12,12,3,,7,,,10,8,4,,,3,0,,,,4,12,,,0,1,,,,,,7,10,7,0,,7,,,,,,,,,,,,
2000,Turkey,Independent,"Turkish, English",P’nar Ayhan & The SOS,"""Yorgunum Anla""",Understand that I'm weary,,,10,59,Sweden,Scandinavia,Away,Away,,,,,5,,,3,,,0,0,,1,0,4,12,,10,,,0,0,0,0,,5,0,,,,12,1,,,0,0,,,,,,0,1,5,,,0,,,,,,,,,,,,
2000,Ireland,Independent,English,Eamonn Toal,"""Millennium of Love""",?,,,6,92,Sweden,Scandinavia,Away,Away,,,,,4,,,4,,,5,7,,5,4,1,4,,0,,,2,,2,1,,0,10,,,,3,6,,,2,0,,,,,,3,4,8,7,,10,,,,,,,,,,,,
2000,Austria,Western Europe,English,The Rounder Girls,"""All To You""",?,,,14,34,Sweden,Scandinavia,Away,Away,,,,,,,,0,,,0,0,,0,0,3,0,,2,,,3,2,0,5,,0,2,,,,0,0,,,0,0,,,,,,8,0,4,4,,1,,,,,,,,,,,,
1999,Lithuania,Former Socialist Bloc,Samogitian,Aist?,"""Strazdas""",The song thrush,,,20,13,Israel,Independent,Away,Away,,,,,0,,,0,0,,2,5,,0,2,,0,,0,,,0,0,3,,,,1,,,,0,0,0,0,,,,,,,0,0,0,,0,,0,,,,,,,,,,,,
1999,Belgium,Western Europe,English,Vanessa Chinitor,"""Like The Wind""",?,,,13,38,Israel,Independent,Away,Away,,,,,0,,,,0,,4,0,,0,5,,2,,0,,,0,10,5,,0,,0,,,,10,0,2,0,,,,,,,0,0,0,,0,,0,,,,,,,,,,,,
1999,Spain,Western Europe,Spanish,Lydia,"""No quiero escuchar""",I don't want to listen,,,23,1,Israel,Independent,Away,Away,,,,,0,,,0,0,,1,0,,0,0,,0,,0,,,0,0,0,,0,,0,,,,0,0,0,0,,,,,,,0,,0,,0,,0,,,,,,,,,,,,
1999,Croatia,Former Yugoslavia,Croatian,Doris Dragovi?,"""Marija Magdalena""",Mary Magdalene,,,4,118,Israel,Independent,Away,Away,,,,,8,,,5,8,,,2,,0,3,,7,,10,,,4,6,7,,6,,5,,,,1,0,7,6,,,,,,,12,12,1,,8,,0,,,,,,,,,,,,
1999,United Kingdom,Independent,English,Precious,"""Say It Again""",?,,,12,38,Israel,Independent,Away,Away,,,,,0,,,0,1,,5,4,,1,0,,0,,0,,,0,0,4,,5,,8,,,,0,0,0,0,,,,,,,2,4,0,,4,,,,,,,,,,,,,,
1999,Slovenia,Former Yugoslavia,English,Darja ?vajger,"""For A Thousand Years""",?,,,11,50,Israel,Independent,Away,Away,,,,,0,,,2,5,,12,0,,0,0,,1,,0,,,0,12,0,,10,,0,,,,6,0,0,0,,,,,,,,2,0,,0,,0,,,,,,,,,,,,
1999,Turkey,Independent,Turkish,Tu?ba ônal,"""Dîn Art’k""",Come back,,,16,21,Israel,Independent,Away,Away,,,,,0,,,0,0,,0,0,,0,0,,5,,12,,,0,0,0,,0,,0,,,,0,4,0,0,,,,,,,0,0,0,,,,0,,,,,,,,,,,,
1999,Norway,Scandinavia,English,Stig Van Eijk,"""Living My Life Without You""",?,,,14,35,Israel,Independent,Away,Away,,,,,0,,,0,0,,7,7,,6,0,,0,,0,,,7,3,0,,0,,0,,,,0,,0,0,,,,,,,0,0,5,,0,,0,,,,,,,,,,,,
1999,Denmark,Scandinavia,English,Trine Jepsen & Michael Teschl,"""This Time I Mean It""",?,,,8,71,Israel,Independent,Away,Away,,,,,5,,,0,0,,0,8,,,6,,0,,0,,,12,7,2,,0,,4,,,,0,0,1,3,,,,,,,5,5,8,,0,,5,,,,,,,,,,,,
1999,France,Western Europe,French,Nayah,"""Je veux donner ma voix""",I want to give my voice,,,19,14,Israel,Independent,Away,Away,,,,,0,,,0,0,,0,0,,0,0,,,,0,,,0,2,0,,2,,0,,,,0,8,0,0,,,,,,,0,0,0,,2,,0,,,,,,,,,,,,
1999,Netherlands,Western Europe,English,Marlayne,"""One Good Reason""",?,,,8,71,Israel,Independent,Away,Away,,,,,4,,,12,4,,0,0,,7,0,,0,,0,,,6,1,6,,4,,2,,,,,0,0,2,,,,,,,3,3,4,,5,,8,,,,,,,,,,,,
1999,Poland,Former Socialist Bloc,Polish,Mietek Szcze?niak,"""Przytul mnie mocno""",Hold me tight,,,18,17,Israel,Independent,Away,Away,,,,,0,,,0,6,,0,0,,0,0,,0,,4,,,0,0,0,,7,,0,,,,0,0,,0,,,,,,,0,0,0,,0,,0,,,,,,,,,,,,
1999,Iceland,Scandinavia,English,Selma,"""All Out of Luck""",?,,,2,146,Israel,Independent,Away,Away,,,,,2,,,8,0,,0,12,,12,10,,0,,3,,,,4,10,,8,,10,,,,7,10,4,4,,,,,,,0,10,12,,10,,10,,,,,,,,,,,,
1999,Cyprus,Independent,Greek,Marlain,"""Tha 'ne erotas""",It will be love,,,22,2,Israel,Independent,Away,Away,,,,,0,,,0,0,,0,,,0,0,,0,,0,,,0,0,0,,0,,0,,,,0,0,0,0,,,,,,,0,0,0,,0,,2,,,,,,,,,,,,
1999,Sweden,Scandinavia,English,Charlotte Nilsson,"""Take Me to Your Heaven""",?,,,1,163,Israel,Independent,Away,Away,,,,,6,,,7,12,,0,6,,10,12,,3,,2,,,10,5,8,,3,,12,,,,8,12,6,10,,,,,,,7,6,,,6,,12,,,,,,,,,,,,
1999,Portugal,Western Europe,Portuguese,Rui Bandeira,"""Como tudo comeáou""",How everything began,,,21,12,Israel,Independent,Away,Away,,,,,0,,,0,0,,0,0,,0,0,,12,,0,,,0,0,0,,0,,0,,,,0,0,0,,,,,,,,0,0,0,,0,,0,,,,,,,,,,,,
1999,Ireland,Independent,English,The Mullans,"""When You Need Me""",?,,,17,18,Israel,Independent,Away,Away,,,,,0,,,0,0,,0,0,,0,0,,0,,0,,,0,,0,,12,,0,,,,0,1,0,0,,,,,,,0,0,0,,1,,4,,,,,,,,,,,,
1999,Austria,Western Europe,English,Bobbie Singer,"""Reflection""",?,,,10,65,Israel,Independent,Away,Away,,,,,,,,6,0,,0,1,,3,8,,0,,5,,,8,0,0,,0,,0,,,,2,6,3,5,,,,,,,4,0,7,,0,,7,,,,,,,,,,,,
1999,Israel,Independent,"English, Hebrew",Eden,"""Yom Huledet (Happy Birthday)""",Birthday,,,5,93,Israel,Independent,Home,Home,,,,,1,,,3,2,,8,10,,2,4,,10,,7,,,1,0,,,0,,6,,,,4,2,10,8,,,,,,,1,8,3,,3,,0,,,,,,,,,,,,
1999,Malta,Western Europe,English,Times Three,"""Believe 'n Peace""",?,,,15,32,Israel,Independent,Away,Away,,,,,7,,,0,7,,6,3,,0,1,,0,,1,,,0,0,0,,0,,,,,,0,0,0,1,,,,,,,0,0,0,,0,,6,,,,,,,,,,,,
1999,Germany,Western Europe,"German, Turkish, Hebrew, English",SÅrpriz,"""Reise nach Jerusalem -",Journey to Jerusalem,,,3,140,Israel,Independent,Away,Away,,,,,10,,,10,10,,3,0,,5,7,,8,,,,,5,0,12,,0,,3,,,,12,3,12,12,,,,,,,6,7,2,,12,,1,,,,,,,,,,,,
1999,Bosnia and Herzegovina,Former Yugoslavia,"Bosnian, French",Dino & BÇatrice,"""Putnici""",Travellers,,,7,86,Israel,Independent,Away,Away,,,,,12,,,1,,,10,0,,8,0,,6,,8,,,3,0,0,,0,,0,,,,3,7,5,0,,,,,,,10,0,6,,7,,0,,,,,,,,,,,,
1999,Estonia,Former Socialist Bloc,English,Evelin Samuel & Camille,"""Diamond of Night""",?,,,6,90,Israel,Independent,Away,Away,,,,,3,,,4,3,,0,0,,4,,,4,,6,,,2,8,1,,1,,7,,,,5,5,8,7,,,,,,,8,1,10,,0,,3,,,,,,,,,,,,
1998,Croatia,Former Yugoslavia,Croatian,Danijela,"""Neka mi ne svane""",May the dawn never rise,,,5,131,United Kingdom,Independent,Away,Away,,,,,,,,5,,,,7,,,3,3,8,,10,5,0,,3,10,,,12,10,,,,4,6,6,2,0,,,,,10,12,1,3,5,4,,2,,,,,,,,,,,,
1998,Greece,Western Europe,Greek,Thalassa,"""Mia Krifi Evesthisia""",A secret illusion,,,20,12,United Kingdom,Independent,Away,Away,,,,,,,,0,,,0,12,,,0,0,0,,0,,0,,0,0,,,0,0,,,,0,0,0,0,0,,,,,0,0,0,0,0,0,,0,,,,,,,,,,,,
1998,France,Western Europe,French,Marie Line,"""Oó aller""",Where to go,,,24,3,United Kingdom,Independent,Away,Away,,,,,,,,0,,,0,1,,,0,0,,,0,0,0,,0,0,,,2,0,,,,0,0,0,0,0,,,,,0,0,0,0,0,0,,0,,,,,,,,,,,,
1998,Spain,Western Europe,Spanish,Mikel Herzog,"""®QuÇ voy a hacer sin ti?""",What am I going to do without you?,,,16,21,United Kingdom,Independent,Away,Away,,,,,,,,3,,,1,4,,,0,0,4,,0,0,0,,0,3,,,0,0,,,,0,0,0,0,0,,,,,0,0,,0,6,0,,0,,,,,,,,,,,,
1998,Switzerland,Western Europe,German,Gunvor,"""Lass' ihn""",Let him,,,25,0,United Kingdom,Independent,Away,Away,,,,,,,,0,,,0,0,,,0,0,0,,0,0,0,,0,0,,,0,0,,,,0,0,0,0,0,,,,,0,0,0,0,,0,,0,,,,,,,,,,,,
1998,Slovakia,Former Socialist Bloc,Slovak,Katar°na Hasprov†,"""Modlitba""",A prayer,,,21,8,United Kingdom,Independent,Away,Away,,,,,,,,0,,,8,0,,,0,0,0,,0,0,0,,0,0,,,0,0,,,,0,0,0,0,0,,,,,,0,0,0,0,0,,0,,,,,,,,,,,,
1998,Poland,Former Socialist Bloc,Polish,Sixteen,"""To takie proste""",It's easy,,,17,19,United Kingdom,Independent,Away,Away,,,,,,,,0,,,0,0,,,0,0,2,,5,0,2,,0,0,,,0,0,,,,0,0,,0,10,,,,,0,0,0,0,0,0,,0,,,,,,,,,,,,
1998,Israel,Independent,Hebrew,Dana International,"""Diva""",?,,,1,172,United Kingdom,Independent,Away,Away,,,,,,,,10,,,0,10,,,7,10,12,,7,10,0,,6,,,,8,12,,,,6,3,10,12,7,,,,,0,7,10,5,10,5,,5,,,,,,,,,,,,
1998,Germany,Western Europe,German,Guildo Horn,"""Guildo hat euch lieb!""",Guildo loves you!,,,7,86,United Kingdom,Independent,Away,Away,,,,,,,,7,,,0,0,,,1,1,0,,,3,0,,8,0,,,0,0,,,,12,0,0,10,6,,,,,0,8,12,0,12,0,,6,,,,,,,,,,,,
1998,Malta,Western Europe,English,Chiara,"""The One That I Love""",?,,,3,165,United Kingdom,Independent,Away,Away,,,,,,,,8,,,7,5,,,5,5,6,,8,6,7,,12,7,,,0,,,,,8,12,8,5,0,,,,,12,3,5,6,8,10,,12,,,,,,,,,,,,
1998,Hungary,Former Socialist Bloc,Hungarian,Charlie,"""A holnap m†r nem lesz szomor£""",Sadness will be over tomorrow,,,23,4,United Kingdom,Independent,Away,Away,,,,,,,,0,,,0,0,,,0,0,1,,0,0,,,0,0,,,0,0,,,,0,2,0,0,1,,,,,0,0,0,0,0,0,,0,,,,,,,,,,,,
1998,Slovenia,Former Yugoslavia,Slovene,Vili Resnik,"""Naj bogovi sli?ijo""",Let the gods hear,,,18,17,United Kingdom,Independent,Away,Away,,,,,,,,0,,,3,0,,,0,4,0,,0,2,0,,0,0,,,0,0,,,,0,0,0,0,5,,,,,0,,0,0,0,3,,0,,,,,,,,,,,,
1998,Ireland,Independent,English,Dawn Martin,"""Is Always Over Now?""",?,,,9,64,United Kingdom,Independent,Away,Away,,,,,,,,0,,,2,0,,,2,0,0,,2,0,6,,,0,,,7,6,,,,0,4,2,1,8,,,,,4,1,0,1,2,8,,8,,,,,,,,,,,,
1998,Portugal,Western Europe,Portuguese,Alma Lusa,"""Se eu te pudesse abraáar""",If I could embrace you,,,12,36,United Kingdom,Independent,Away,Away,,,,,,,,1,,,0,2,,,0,0,10,,0,1,0,,0,2,,,4,2,,,,0,0,0,,0,,,,,2,0,6,0,0,6,,0,,,,,,,,,,,,
1998,Romania,Former Socialist Bloc,Romanian,M?lina Olinescu,"""Eu cred""",I believe,,,22,6,United Kingdom,Independent,Away,Away,,,,,,,,0,,,0,0,,,0,0,0,,0,0,0,,0,6,,,0,0,,,,0,0,0,0,,,,,,0,0,0,0,0,0,,0,,,,,,,,,,,,
1998,United Kingdom,Independent,English,Imaani,"""Where Are You?""",?,,,2,166,United Kingdom,Independent,Home,Home,,,,,,,,6,,,12,8,,,8,8,3,,1,7,10,,5,12,,,10,8,,,,7,5,7,6,12,,,,,1,5,3,7,3,12,,,,,,,,,,,,,,
1998,Cyprus,Independent,Greek,Michalis Hadjiyiannis,"""Genesis""",Genesis,,,11,37,United Kingdom,Independent,Away,Away,,,,,,,,2,,,4,,,,0,0,0,,0,12,1,,0,1,,,0,1,,,,0,0,0,4,4,,,,,5,0,0,0,0,0,,3,,,,,,,,,,,,
1998,Netherlands,Western Europe,Dutch,Edsilia,"""Hemel en aarde""",Heaven and Earth,,,4,150,United Kingdom,Independent,Away,Away,,,,,,,,12,,,10,0,,,0,7,5,,6,8,12,,10,8,,,3,7,,,,,8,5,7,0,,,,,6,0,4,8,7,7,,10,,,,,,,,,,,,
1998,Sweden,Scandinavia,Swedish,Jill Johnson,"""KÑrleken Ñr""",Love is,,,10,53,United Kingdom,Independent,Away,Away,,,,,,,,0,,,0,0,,,12,6,0,,0,0,8,,2,0,,,0,4,,,,5,10,3,0,0,,,,,0,0,0,,0,2,,1,,,,,,,,,,,,
1998,Belgium,Western Europe,French,MÇlanie Cohl,"""Dis oui""",Say yes,,,6,122,United Kingdom,Independent,Away,Away,,,,,,,,,,,0,6,,,6,0,7,,4,4,3,,7,5,,,6,3,,,,10,7,12,8,0,,,,,7,6,7,2,4,1,,7,,,,,,,,,,,,
1998,Finland,Independent,Finnish,Edea,"""Aava""",Open landscape,,,15,22,United Kingdom,Independent,Away,Away,,,,,,,,0,,,0,0,,,10,,0,,0,0,0,,0,0,,,1,0,,,,0,1,0,0,0,,,,,0,0,0,10,0,0,,0,,,,,,,,,,,,
1998,Norway,Scandinavia,Norwegian,Lars Fredriksen,"""Alltid sommer""",Always summer,,,8,79,United Kingdom,Independent,Away,Away,,,,,,,,4,,,0,3,,,4,2,0,,3,0,5,,4,4,,,0,5,,,,3,,4,3,0,,,,,0,10,8,12,1,0,,4,,,,,,,,,,,,
1998,Estonia,Former Socialist Bloc,Estonian,Koit Toome,"""Mere lapsed""",Children of the sea,,,12,36,United Kingdom,Independent,Away,Away,,,,,,,,0,,,0,0,,,,12,0,,0,0,4,,1,0,,,0,0,,,,2,0,1,0,0,,,,,8,2,2,4,0,0,,0,,,,,,,,,,,,
1998,Turkey,Independent,Turkish,TÅzmen,"""Unutamazs’n""",You can't forget,,,14,25,United Kingdom,Independent,Away,Away,,,,,,,,0,,,5,0,,,0,0,0,,12,0,0,,0,0,,,5,0,,,,1,0,0,0,2,,,,,0,0,0,0,0,,,0,,,,,,,,,,,,
1998,Macedonia,Former Yugoslavia,Macedonian,Vlado Janevski,"""Ne zori, zoro""","Dawn, don't rise",,,19,16,United Kingdom,Independent,Away,Away,,,,,,,,0,,,6,0,,,0,0,0,,0,0,0,,0,0,,,,0,,,,0,0,0,0,3,,,,,3,4,0,0,0,0,,0,,,,,,,,,,,,
